[38;5;86m[HTTP][0m [37m-->[39m [37mPOST[39m [37m/session[39m [90m{"capabilities":{"alwaysMatch":{"appium:platformName":"Android","appium:platformVersion":"16.0","appium:deviceName":"Pixel 6","appium:automationName":"UIAutomator2","appium:app":"C:\\Users\\sddam\\OneDrive\\Documentos\\automacao\\projeto-apresentacao\\automacao-webdriverIO\\app\\android\\android.wdio.native.app.v1.0.8.apk"},"firstMatch":[{}]}}[39m
[38;5;53m[AppiumDriver@4412][0m Calling AppiumDriver.createSession() with args: [null,null,{"alwaysMatch":{"appium:platformName":"Android","appium:platformVersion":"16.0","appium:deviceName":"Pixel 6","appium:automationName":"UIAutomator2","appium:app":"C:\\Users\\sddam\\OneDrive\\Documentos\\automacao\\projeto-apresentacao\\automacao-webdriverIO\\app\\android\\android.wdio.native.app.v1.0.8.apk"},"firstMatch":[{}]}]
[38;5;53m[AppiumDriver@4412][0m Event 'newSessionRequested' logged at 1764721942423 (21:32:22 GMT-0300 (Horário Padrão de Brasília))
[38;5;123m[BaseDriver][0m The capabilities ["platformName"] are standard capabilities and do not require "appium:" prefix
[38;5;112m[Appium][0m Attempting to find matching driver for automationName 'UIAutomator2' and platformName 'Android'
[38;5;112m[Appium][0m The 'uiautomator2' driver was installed and matched caps.
[38;5;112m[Appium][0m Will require it at C:\Users\sddam\OneDrive\Documentos\automacao\projeto-apresentacao\automacao-webdriverIO\node_modules\appium-uiautomator2-driver
[38;5;112m[Appium][0m Requiring driver at C:\Users\sddam\OneDrive\Documentos\automacao\projeto-apresentacao\automacao-webdriverIO\node_modules\appium-uiautomator2-driver\build\index.js
[38;5;53m[AppiumDriver@4412][0m Appium v2.19.0 creating new AndroidUiautomator2Driver (v4.2.9) session
[38;5;53m[AppiumDriver@4412][0m Checking BaseDriver versions for Appium and AndroidUiautomator2Driver
[38;5;53m[AppiumDriver@4412][0m Appium's BaseDriver version is 9.18.0
[38;5;53m[AppiumDriver@4412][0m AndroidUiautomator2Driver's BaseDriver version is 9.18.0
[38;5;-83m[AndroidUiautomator2Driver@003a][0m 
[38;5;-83m[AndroidUiautomator2Driver@003a][0m Creating session with W3C capabilities: {
  "alwaysMatch": {
    "platformName": "Android",
    "appium:platformVersion": "16.0",
    "appium:deviceName": "Pixel 6",
    "appium:automationName": "UIAutomator2",
    "appium:app": "C:\\Users\\sddam\\OneDrive\\Documentos\\automacao\\projeto-apresentacao\\automacao-webdriverIO\\app\\android\\android.wdio.native.app.v1.0.8.apk"
  },
  "firstMatch": [
    {}
  ]
}
[38;5;90m[4eadd68d][0m[38;5;-83m[AndroidUiautomator2Driver@003a][0m Session created with session id: 4eadd68d-6807-478d-87fb-3a4fd185ba71
[38;5;90m[4eadd68d][0m[38;5;229m[ADB][0m Found 2 'build-tools' folders under 'C:\Users\sddam\AppData\Local\Android\Sdk' (newest first):
[38;5;90m[4eadd68d][0m[38;5;229m[ADB][0m     C:\Users\sddam\AppData\Local\Android\Sdk\build-tools\36.0.0
[38;5;90m[4eadd68d][0m[38;5;229m[ADB][0m     C:\Users\sddam\AppData\Local\Android\Sdk\build-tools\34.0.0
[38;5;90m[4eadd68d][0m[38;5;229m[ADB][0m Using 'adb.exe' from 'C:\Users\sddam\AppData\Local\Android\Sdk\platform-tools\adb.exe'
[38;5;90m[4eadd68d][0m[38;5;229m[ADB][0m Running 'C:\Users\sddam\AppData\Local\Android\Sdk\platform-tools\adb.exe -P 5037 start-server'
[38;5;90m[4eadd68d][0m[38;5;-83m[AndroidUiautomator2Driver@003a][0m Retrieving device list
[38;5;90m[4eadd68d][0m[38;5;229m[ADB][0m Trying to find connected Android devices
[38;5;90m[4eadd68d][0m[38;5;229m[ADB][0m Getting connected devices
[38;5;90m[4eadd68d][0m[38;5;229m[ADB][0m Connected devices: [{"udid":"emulator-5554","state":"device"}]
[38;5;90m[4eadd68d][0m[38;5;-83m[AndroidUiautomator2Driver@003a][0m Looking for a device with Android '16.0.0'
[38;5;90m[4eadd68d][0m[38;5;229m[ADB][0m Setting device id to emulator-5554
[38;5;90m[4eadd68d][0m[38;5;229m[ADB][0m Getting device platform version
[38;5;90m[4eadd68d][0m[38;5;229m[ADB][0m Running 'C:\Users\sddam\AppData\Local\Android\Sdk\platform-tools\adb.exe -P 5037 -s emulator-5554 shell getprop ro.build.version.release'
[38;5;90m[4eadd68d][0m[38;5;229m[ADB][0m Current device property 'ro.build.version.release': 16
[38;5;90m[4eadd68d][0m[38;5;-83m[AndroidUiautomator2Driver@003a][0m Using device: emulator-5554
[38;5;90m[4eadd68d][0m[38;5;229m[ADB][0m Using 'adb.exe' from 'C:\Users\sddam\AppData\Local\Android\Sdk\platform-tools\adb.exe'
[38;5;90m[4eadd68d][0m[38;5;229m[ADB][0m Running 'C:\Users\sddam\AppData\Local\Android\Sdk\platform-tools\adb.exe -P 5037 start-server'
[38;5;90m[4eadd68d][0m[38;5;229m[ADB][0m Setting device id to emulator-5554
[38;5;90m[4eadd68d][0m[38;5;123m[BaseDriver][0m Using local app 'C:\Users\sddam\OneDrive\Documentos\automacao\projeto-apresentacao\automacao-webdriverIO\app\android\android.wdio.native.app.v1.0.8.apk'
[38;5;90m[4eadd68d][0m[38;5;-83m[AndroidUiautomator2Driver@003a][0m Checking whether app is actually present
[38;5;90m[4eadd68d][0m[38;5;229m[ADB][0m Running 'C:\Users\sddam\AppData\Local\Android\Sdk\platform-tools\adb.exe -P 5037 -s emulator-5554 shell getprop ro.build.version.sdk'
[38;5;90m[4eadd68d][0m[38;5;229m[ADB][0m Current device property 'ro.build.version.sdk': 36
[38;5;90m[4eadd68d][0m[38;5;229m[ADB][0m Getting device platform version
[38;5;90m[4eadd68d][0m[38;5;229m[ADB][0m Running 'C:\Users\sddam\AppData\Local\Android\Sdk\platform-tools\adb.exe -P 5037 -s emulator-5554 shell getprop ro.build.version.release'
[38;5;90m[4eadd68d][0m[38;5;229m[ADB][0m Current device property 'ro.build.version.release': 16
[38;5;90m[4eadd68d][0m[38;5;229m[ADB][0m Device API level: 36
[38;5;90m[4eadd68d][0m[38;5;-83m[AndroidUiautomator2Driver@003a][0m Relaxing hidden api policy
[38;5;90m[4eadd68d][0m[38;5;229m[ADB][0m Running 'C:\Users\sddam\AppData\Local\Android\Sdk\platform-tools\adb.exe -P 5037 -s emulator-5554 shell 'settings put global hidden_api_policy_pre_p_apps 1;settings put global hidden_api_policy_p_apps 1;settings put global hidden_api_policy 1''
[38;5;90m[4eadd68d][0m[38;5;-83m[AndroidUiautomator2Driver@003a][0m Parsing package and activity from the 'android.wdio.native.app.v1.0.8.apk' file manifest
[38;5;90m[4eadd68d][0m[38;5;229m[ADB][0m Running 'C:\Users\sddam\AppData\Local\Android\Sdk\platform-tools\adb.exe -P 5037 -s emulator-5554 wait-for-device'
[38;5;90m[4eadd68d][0m[38;5;229m[ADB][0m Using 'aapt2.exe' from 'C:\Users\sddam\AppData\Local\Android\Sdk\build-tools\36.0.0\aapt2.exe'
[38;5;90m[4eadd68d][0m[38;5;229m[ADB][0m Reading package manifest: 'C:\\Users\\sddam\\AppData\\Local\\Android\\Sdk\\build-tools\\36.0.0\\aapt2.exe dump badging C:\\Users\\sddam\\OneDrive\\Documentos\\automacao\\projeto-apresentacao\\automacao-webdriverIO\\app\\android\\android.wdio.native.app.v1.0.8.apk'
[38;5;90m[4eadd68d][0m[38;5;229m[ADB][0m Running 'C:\Users\sddam\AppData\Local\Android\Sdk\platform-tools\adb.exe -P 5037 -s emulator-5554 shell echo ping'
[38;5;90m[4eadd68d][0m[38;5;-83m[AndroidUiautomator2Driver@003a][0m Pushing settings apk to the device...
[38;5;90m[4eadd68d][0m[38;5;229m[ADB][0m Getting package info for 'io.appium.settings'
[38;5;90m[4eadd68d][0m[38;5;229m[ADB][0m Running 'C:\Users\sddam\AppData\Local\Android\Sdk\platform-tools\adb.exe -P 5037 -s emulator-5554 shell dumpsys package io.appium.settings'
[38;5;90m[4eadd68d][0m[38;5;229m[ADB][0m Reading package manifest: 'C:\\Users\\sddam\\AppData\\Local\\Android\\Sdk\\build-tools\\36.0.0\\aapt2.exe dump badging C:\\Users\\sddam\\OneDrive\\Documentos\\automacao\\projeto-apresentacao\\automacao-webdriverIO\\node_modules\\appium-uiautomator2-driver\\node_modules\\io.appium.settings\\apks\\settings_apk-debug.apk'
[38;5;90m[4eadd68d][0m[38;5;229m[ADB][0m Package name: 'com.wdiodemoapp'
[38;5;90m[4eadd68d][0m[38;5;229m[ADB][0m Main activity name: 'com.wdiodemoapp.MainActivity'
[38;5;90m[4eadd68d][0m[38;5;-83m[AndroidUiautomator2Driver@003a][0m Resolved launch package -> activity: com.wdiodemoapp -> com.wdiodemoapp.MainActivity
[38;5;90m[4eadd68d][0m[38;5;-83m[AndroidUiautomator2Driver@003a][0m Resolved wait package -> activity: com.wdiodemoapp -> com.wdiodemoapp.MainActivity
[38;5;90m[4eadd68d][0m[38;5;229m[ADB][0m The version code of the installed 'io.appium.settings' is greater than the application version code (142 > 131)
[38;5;90m[4eadd68d][0m[38;5;229m[ADB][0m There is no need to downgrade 'io.appium.settings'
[38;5;90m[4eadd68d][0m[38;5;229m[ADB][0m Running 'C:\Users\sddam\AppData\Local\Android\Sdk\platform-tools\adb.exe -P 5037 -s emulator-5554 shell dumpsys activity services io.appium.settings'
[38;5;90m[4eadd68d][0m[38;5;-83m[AndroidUiautomator2Driver@003a][0m io.appium.settings is already running. There is no need to reset its permissions.
[38;5;90m[4eadd68d][0m[38;5;160m[Logcat][0m Starting logs capture with command: C:\\Users\\sddam\\AppData\\Local\\Android\\Sdk\\platform-tools\\adb.exe -P 5037 -s emulator-5554 logcat -v threadtime
[38;5;90m[4eadd68d][0m[38;5;-83m[AndroidUiautomator2Driver@003a][0m Forwarding UiAutomator2 Server port 6790 to local port 8201
[38;5;90m[4eadd68d][0m[38;5;229m[ADB][0m Forwarding system: 8201 to device: 6790
[38;5;90m[4eadd68d][0m[38;5;229m[ADB][0m Running 'C:\Users\sddam\AppData\Local\Android\Sdk\platform-tools\adb.exe -P 5037 -s emulator-5554 forward tcp:8201 tcp:6790'
[38;5;90m[4eadd68d][0m[38;5;-83m[AndroidUiautomator2Driver@003a][0m UIA2Proxy options: {"server":"127.0.0.1","port":8201,"keepAlive":true,"scheme":"http","base":"","reqBasePath":"","sessionId":null,"timeout":240000}
[38;5;90m[4eadd68d][0m[38;5;229m[ADB][0m Getting package info for 'io.appium.uiautomator2.server'
[38;5;90m[4eadd68d][0m[38;5;229m[ADB][0m Running 'C:\Users\sddam\AppData\Local\Android\Sdk\platform-tools\adb.exe -P 5037 -s emulator-5554 shell dumpsys package io.appium.uiautomator2.server'
[38;5;90m[4eadd68d][0m[38;5;229m[ADB][0m Getting install status for io.appium.uiautomator2.server.test
[38;5;90m[4eadd68d][0m[38;5;229m[ADB][0m Checking app cert for C:\Users\sddam\OneDrive\Documentos\automacao\projeto-apresentacao\automacao-webdriverIO\app\android\android.wdio.native.app.v1.0.8.apk
[38;5;90m[4eadd68d][0m[38;5;229m[ADB][0m Running 'C:\Users\sddam\AppData\Local\Android\Sdk\platform-tools\adb.exe -P 5037 -s emulator-5554 shell cmd package list packages'
[38;5;90m[4eadd68d][0m[38;5;229m[ADB][0m Reading package manifest: 'C:\\Users\\sddam\\AppData\\Local\\Android\\Sdk\\build-tools\\36.0.0\\aapt2.exe dump badging C:\\Users\\sddam\\OneDrive\\Documentos\\automacao\\projeto-apresentacao\\automacao-webdriverIO\\node_modules\\appium-uiautomator2-driver\\node_modules\\appium-uiautomator2-server\\apks\\appium-uiautomator2-server-v7.7.1.apk'
[38;5;90m[4eadd68d][0m[38;5;229m[ADB][0m 'io.appium.uiautomator2.server.test' is installed
[38;5;90m[4eadd68d][0m[38;5;229m[ADB][0m The version name of the installed 'io.appium.uiautomator2.server' is greater or equal to the application version name ('7.7.1' >= '7.7.1')
[38;5;90m[4eadd68d][0m[38;5;-83m[AndroidUiautomator2Driver@003a][0m Server packages status: [{"installState":"sameVersionInstalled","appPath":"C:\\Users\\sddam\\OneDrive\\Documentos\\automacao\\projeto-apresentacao\\automacao-webdriverIO\\node_modules\\appium-uiautomator2-driver\\node_modules\\appium-uiautomator2-server\\apks\\appium-uiautomator2-server-v7.7.1.apk","appId":"io.appium.uiautomator2.server"},{"installState":"sameVersionInstalled","appPath":"C:\\Users\\sddam\\OneDrive\\Documentos\\automacao\\projeto-apresentacao\\automacao-webdriverIO\\node_modules\\appium-uiautomator2-driver\\node_modules\\appium-uiautomator2-server\\apks\\appium-uiautomator2-server-debug-androidTest.apk","appId":"io.appium.uiautomator2.server.test"}]
[38;5;90m[4eadd68d][0m[38;5;-83m[AndroidUiautomator2Driver@003a][0m Server packages are not going to be (re)installed
[38;5;90m[4eadd68d][0m[38;5;-83m[AndroidUiautomator2Driver@003a][0m Waiting up to 30000ms for services to be available
[38;5;90m[4eadd68d][0m[38;5;229m[ADB][0m Running 'C:\Users\sddam\AppData\Local\Android\Sdk\platform-tools\adb.exe -P 5037 -s emulator-5554 shell pm list instrumentation'
[38;5;90m[4eadd68d][0m[38;5;-83m[AndroidUiautomator2Driver@003a][0m Instrumentation target 'io.appium.uiautomator2.server.test/androidx.test.runner.AndroidJUnitRunner' is available
[38;5;90m[4eadd68d][0m[38;5;229m[ADB][0m Adding packages ["io.appium.settings","io.appium.uiautomator2.server","io.appium.uiautomator2.server.test"] to Doze whitelist
[38;5;90m[4eadd68d][0m[38;5;229m[ADB][0m Got the following command chunks to execute: [["dumpsys","deviceidle","whitelist","+io.appium.settings",";","dumpsys","deviceidle","whitelist","+io.appium.uiautomator2.server",";","dumpsys","deviceidle","whitelist","+io.appium.uiautomator2.server.test",";"]]
[38;5;90m[4eadd68d][0m[38;5;229m[ADB][0m Running 'C:\Users\sddam\AppData\Local\Android\Sdk\platform-tools\adb.exe -P 5037 -s emulator-5554 shell dumpsys deviceidle whitelist +io.appium.settings ; dumpsys deviceidle whitelist +io.appium.uiautomator2.server ; dumpsys deviceidle whitelist +io.appium.uiautomator2.server.test ;'
[38;5;90m[4eadd68d][0m[38;5;229m[ADB][0m Using 'apksigner.jar' from 'C:\Users\sddam\AppData\Local\Android\Sdk\build-tools\36.0.0\lib\apksigner.jar'
[38;5;90m[4eadd68d][0m[38;5;229m[ADB][0m Starting apksigner: 'C:\\Program Files\\Java\\jdk-21\\bin\\java.exe' -Xmx1024M -Xss1m -jar C:\\Users\\sddam\\AppData\\Local\\Android\\Sdk\\build-tools\\36.0.0\\lib\\apksigner.jar verify --print-certs C:\\Users\\sddam\\OneDrive\\Documentos\\automacao\\projeto-apresentacao\\automacao-webdriverIO\\app\\android\\android.wdio.native.app.v1.0.8.apk
[38;5;90m[4eadd68d][0m[38;5;229m[ADB][0m apksigner stdout: Signer #1 certificate DN: CN=WebdriverIO, OU=WebdriverIO, O=WebdriverIO, L=WebdriverIO, ST=WebdriverIO, C=WD
Signer #1 certificate SHA-256 digest: af2767f09990f90c8f693c9d18abc6cd2886b1255fd2e6137958848525233580
Signer #1 certificate SHA-1 digest: 1667a649f0f9da33b09d7874dbe937fe8dd45827
Signer #1 certificate MD5 digest: ba7f70492c5a392f8a0f18b658b3a21c

[38;5;90m[4eadd68d][0m[38;5;229m[ADB][0m 'C:\Users\sddam\OneDrive\Documentos\automacao\projeto-apresentacao\automacao-webdriverIO\app\android\android.wdio.native.app.v1.0.8.apk' is signed with a non-default certificate
[38;5;90m[4eadd68d][0m[38;5;229m[ADB][0m Getting package info for 'com.wdiodemoapp'
[38;5;90m[4eadd68d][0m[38;5;229m[ADB][0m Running 'C:\Users\sddam\AppData\Local\Android\Sdk\platform-tools\adb.exe -P 5037 -s emulator-5554 shell dumpsys package com.wdiodemoapp'
[38;5;90m[4eadd68d][0m[38;5;229m[ADB][0m Reading package manifest: 'C:\\Users\\sddam\\AppData\\Local\\Android\\Sdk\\build-tools\\36.0.0\\aapt2.exe dump badging C:\\Users\\sddam\\OneDrive\\Documentos\\automacao\\projeto-apresentacao\\automacao-webdriverIO\\app\\android\\android.wdio.native.app.v1.0.8.apk'
[38;5;90m[4eadd68d][0m[38;5;229m[ADB][0m The version name of the installed 'com.wdiodemoapp' is greater or equal to the application version name ('1.0.8' >= '1.0.8')
[38;5;90m[4eadd68d][0m[38;5;229m[ADB][0m There is no need to install/upgrade 'C:\Users\sddam\OneDrive\Documentos\automacao\projeto-apresentacao\automacao-webdriverIO\app\android\android.wdio.native.app.v1.0.8.apk'
[38;5;90m[4eadd68d][0m[38;5;-83m[AndroidUiautomator2Driver@003a][0m Performing fast reset on 'com.wdiodemoapp'
[38;5;90m[4eadd68d][0m[38;5;229m[ADB][0m Getting install status for com.wdiodemoapp
[38;5;90m[4eadd68d][0m[38;5;229m[ADB][0m Running 'C:\Users\sddam\AppData\Local\Android\Sdk\platform-tools\adb.exe -P 5037 -s emulator-5554 shell cmd package list packages'
[38;5;90m[4eadd68d][0m[38;5;229m[ADB][0m 'com.wdiodemoapp' is installed
[38;5;90m[4eadd68d][0m[38;5;229m[ADB][0m Running 'C:\Users\sddam\AppData\Local\Android\Sdk\platform-tools\adb.exe -P 5037 -s emulator-5554 shell am force-stop com.wdiodemoapp'
[38;5;90m[4eadd68d][0m[38;5;229m[ADB][0m Running 'C:\Users\sddam\AppData\Local\Android\Sdk\platform-tools\adb.exe -P 5037 -s emulator-5554 shell pm clear com.wdiodemoapp'
[38;5;90m[4eadd68d][0m[38;5;-83m[AndroidUiautomator2Driver@003a][0m Performed fast reset on the installed 'com.wdiodemoapp' application (stop and clear)
[38;5;90m[4eadd68d][0m[38;5;-83m[AndroidUiautomator2Driver@003a][0m Performing shallow cleanup of automation leftovers
[38;5;90m[4eadd68d][0m[38;5;-83m[AndroidUiautomator2Driver@003a][0m No obsolete sessions have been detected (socket hang up)
[38;5;90m[4eadd68d][0m[38;5;229m[ADB][0m Running 'C:\Users\sddam\AppData\Local\Android\Sdk\platform-tools\adb.exe -P 5037 -s emulator-5554 shell am force-stop io.appium.uiautomator2.server'
[38;5;90m[4eadd68d][0m[38;5;229m[ADB][0m Running 'C:\Users\sddam\AppData\Local\Android\Sdk\platform-tools\adb.exe -P 5037 -s emulator-5554 shell am force-stop io.appium.uiautomator2.server.test'
[38;5;90m[4eadd68d][0m[38;5;-83m[AndroidUiautomator2Driver@003a][0m Starting UIAutomator2 server 7.7.1
[38;5;90m[4eadd68d][0m[38;5;-83m[AndroidUiautomator2Driver@003a][0m Using UIAutomator2 server from 'C:\Users\sddam\OneDrive\Documentos\automacao\projeto-apresentacao\automacao-webdriverIO\node_modules\appium-uiautomator2-driver\node_modules\appium-uiautomator2-server\apks\appium-uiautomator2-server-v7.7.1.apk' and test from 'C:\Users\sddam\OneDrive\Documentos\automacao\projeto-apresentacao\automacao-webdriverIO\node_modules\appium-uiautomator2-driver\node_modules\appium-uiautomator2-server\apks\appium-uiautomator2-server-debug-androidTest.apk'
[38;5;90m[4eadd68d][0m[38;5;-83m[AndroidUiautomator2Driver@003a][0m Waiting up to 30000ms for UiAutomator2 to be online...
[38;5;90m[4eadd68d][0m[38;5;229m[ADB][0m Creating ADB subprocess with args: ["-P","5037","-s","emulator-5554","shell","am","instrument","-w","-e","disableAnalytics","true","io.appium.uiautomator2.server.test/androidx.test.runner.AndroidJUnitRunner"]
[38;5;90m[4eadd68d][0m[38;5;-83m[AndroidUiautomator2Driver@003a][0m Matched '/status' to command name 'getStatus'
[38;5;90m[4eadd68d][0m[38;5;-83m[AndroidUiautomator2Driver@003a][0m Proxying [GET /status] to [GET http://127.0.0.1:8201/status] with no body
[38;5;90m[4eadd68d][0m[38;5;-83m[AndroidUiautomator2Driver@003a][0m socket hang up
[38;5;90m[4eadd68d][0m[38;5;-83m[AndroidUiautomator2Driver@003a][0m [Instrumentation] 
[38;5;90m[4eadd68d][0m[38;5;-83m[AndroidUiautomator2Driver@003a][0m Matched '/status' to command name 'getStatus'
[38;5;90m[4eadd68d][0m[38;5;-83m[AndroidUiautomator2Driver@003a][0m Proxying [GET /status] to [GET http://127.0.0.1:8201/status] with no body
[38;5;90m[4eadd68d][0m[38;5;-83m[AndroidUiautomator2Driver@003a][0m socket hang up
[38;5;90m[4eadd68d][0m[38;5;-83m[AndroidUiautomator2Driver@003a][0m Matched '/status' to command name 'getStatus'
[38;5;90m[4eadd68d][0m[38;5;-83m[AndroidUiautomator2Driver@003a][0m Proxying [GET /status] to [GET http://127.0.0.1:8201/status] with no body
[38;5;90m[4eadd68d][0m[38;5;-83m[AndroidUiautomator2Driver@003a][0m Got response with status 200: {"sessionId":"None","value":{"build":{"version":"7.7.1","versionCode":220},"message":"UiAutomator2 Server is ready to accept commands","ready":true}}
[38;5;90m[4eadd68d][0m[38;5;-83m[AndroidUiautomator2Driver@003a][0m The initialization of the instrumentation process took 2165ms
[38;5;90m[4eadd68d][0m[38;5;-83m[AndroidUiautomator2Driver@003a][0m Matched '/session' to command name 'createSession'
[38;5;90m[4eadd68d][0m[38;5;-83m[AndroidUiautomator2Driver@003a][0m Proxying [POST /session] to [POST http://127.0.0.1:8201/session] with body: {"capabilities":{"firstMatch":[{"platformName":"Android","platformVersion":"16.0","deviceName":"emulator-5554","automationName":"UIAutomator2","app":"C:\\Users\\sddam\\OneDrive\\Documentos\\automacao\\projeto-apresentacao\\automacao-webdriverIO\\app\\android\\android.wdio.native.app.v1.0.8.apk","platform":"LINUX","webStorageEnabled":false,"takesScreenshot":true,"javascriptEnabled":true,"databaseEnabled":false,"networkConnectionEnabled":true,"locationContextEnabled":false,"warnings":{},"desired":{"platformName":"Android","platformVersion":"16.0","deviceName":"Pixel 6","automationName":"UIAutomator2","app":"C:\\Users\\sddam\\OneDrive\\Documentos\\automacao\\projeto-apresentacao\\automacao-webdriverIO\\app\\android\\android.wdio.native.app.v1.0.8.apk"},"deviceUDID":"emulator-5554","appPackage":"com.wdiodemoapp","appActivity":"com.wdiodemoapp.MainActivity"}],"alwaysMatch":{}}}
[38;5;90m[4eadd68d][0m[38;5;-83m[AndroidUiautomator2Driver@003a][0m Got response with status 200: {"sessionId":"535fcc72-431f-473c-b30f-b65f257a273d","value":{"capabilities":{"firstMatch":[{"platformName":"Android","platformVersion":"16.0","deviceName":"emulator-5554","automationName":"UIAutomator2","app":"C:\\Users\\sddam\\OneDrive\\Documentos\\automacao\\projeto-apresentacao\\automacao-webdriverIO\\app\\android\\android.wdio.native.app.v1.0.8.apk","platform":"LINUX","webStorageEnabled":false,"takesScreenshot":true,"javascriptEnabled":true,"databaseEnabled":false,"networkConnectionEnabled":true,"locationContextEnabled":false,"warnings":{},"desired":{"platformName":"Android","platformVersion":"16.0","deviceName":"Pixel 6","automationName":"UIAutomator2","app":"C:\\Users\\sddam\\OneDrive\\Documentos\\automacao\\projeto-apresentacao\\automacao-webdriverIO\\app\\android\\android.wdio.native.app.v1.0.8.apk"},"deviceUDID":"emulator-5554","appPackage":"com.wdiodemoapp","appActivity":"com.wdiodemoapp.MainActivity"}],"alwaysMatch":{}},"sessionId":"535fcc72-431f-473c-b30f-b65f257a273d"}}
[38;5;90m[4eadd68d][0m[38;5;-83m[AndroidUiautomator2Driver@003a][0m Determined the downstream protocol as 'W3C'
[38;5;90m[4eadd68d][0m[38;5;-83m[AndroidUiautomator2Driver@003a][0m Proxying [GET /appium/device/pixel_ratio] to [GET http://127.0.0.1:8201/session/535fcc72-431f-473c-b30f-b65f257a273d/appium/device/pixel_ratio] with no body
[38;5;90m[4eadd68d][0m[38;5;-83m[AndroidUiautomator2Driver@003a][0m Matched '/appium/device/system_bars' to command name 'getSystemBars'
[38;5;90m[4eadd68d][0m[38;5;-83m[AndroidUiautomator2Driver@003a][0m Proxying [GET /appium/device/system_bars] to [GET http://127.0.0.1:8201/session/535fcc72-431f-473c-b30f-b65f257a273d/appium/device/system_bars] with no body
[38;5;90m[4eadd68d][0m[38;5;-83m[AndroidUiautomator2Driver@003a][0m Matched '/window/current/size' to command name 'getWindowSize'
[38;5;90m[4eadd68d][0m[38;5;-83m[AndroidUiautomator2Driver@003a][0m Proxying [GET /window/current/size] to [GET http://127.0.0.1:8201/session/535fcc72-431f-473c-b30f-b65f257a273d/window/current/size] with no body
[38;5;90m[4eadd68d][0m[38;5;-83m[AndroidUiautomator2Driver@003a][0m Proxying [GET /appium/device/info] to [GET http://127.0.0.1:8201/session/535fcc72-431f-473c-b30f-b65f257a273d/appium/device/info] with no body
[38;5;90m[4eadd68d][0m[38;5;229m[ADB][0m Running 'C:\Users\sddam\AppData\Local\Android\Sdk\platform-tools\adb.exe -P 5037 -s emulator-5554 shell dumpsys window'
[38;5;90m[4eadd68d][0m[38;5;229m[ADB][0m Running 'C:\Users\sddam\AppData\Local\Android\Sdk\platform-tools\adb.exe -P 5037 -s emulator-5554 shell dumpsys power'
[38;5;90m[4eadd68d][0m[38;5;-83m[AndroidUiautomator2Driver@003a][0m Got response with status 200: {"sessionId":"535fcc72-431f-473c-b30f-b65f257a273d","value":2.625}
[38;5;90m[4eadd68d][0m[38;5;-83m[AndroidUiautomator2Driver@003a][0m Got response with status 200: {"sessionId":"535fcc72-431f-473c-b30f-b65f257a273d","value":{"statusBar":128}}
[38;5;90m[4eadd68d][0m[38;5;-83m[AndroidUiautomator2Driver@003a][0m Got response with status 200: {"sessionId":"535fcc72-431f-473c-b30f-b65f257a273d","value":{"height":2400,"width":1080}}
[38;5;90m[4eadd68d][0m[38;5;-83m[AndroidUiautomator2Driver@003a][0m Got response with status 200: {"sessionId":"535fcc72-431f-473c-b30f-b65f257a273d","value":{"androidId":"7cefe11d5057f469","apiVersion":"36","bluetooth":{"state":"ON"},"brand":"google","carrierName":"T-Mobile","displayDensity":420,"locale":"en_US","manufacturer":"Google","model":"sdk_gphone64_x86_64","networks":[{"capabilities":{"SSID":null,"linkDownBandwidthKbps":30000,"linkUpstreamBandwidthKbps":15000,"networkCapabilities":"NET_CAPABILITY_MMS,NET_CAPABILITY_SUPL,NET_CAPABILITY_DUN,NET_CAPABILITY_FOTA,NET_CAPABILITY_IMS,NET_CAPABILITY_CBS,NET_CAPABILITY_INTERNET,NET_CAPABILITY_NOT_RESTRICTED,NET_CAPABILITY_TRUSTED,NET_CAPABILITY_NOT_VPN,NET_CAPABILITY_NOT_ROAMING,NET_CAPABILITY_FOREGROUND,NET_CAPABILITY_NOT_CONGESTED,NET_CAPABILITY_NOT_SUSPENDED","signalStrength":-2147483648,"transportTypes":"TRANSPORT_CELLULAR"},"detailedState":"CONNECTED","extraInfo":"epc.tmobile.com","isAvailable":true,"isConnected":true,"isFailover":false,"isRoaming":false,"state":"CONNECTED","subtype":13,"subtypeName":"LTE","type":0,"typeName":"MOBILE"}],"platform...
[38;5;90m[4eadd68d][0m[38;5;-83m[AndroidUiautomator2Driver@003a][0m Screen already unlocked, doing nothing
[38;5;90m[4eadd68d][0m[38;5;-83m[AndroidUiautomator2Driver@003a][0m Starting 'com.wdiodemoapp/com.wdiodemoapp.MainActivity' and waiting for 'com.wdiodemoapp/com.wdiodemoapp.MainActivity'
[38;5;90m[4eadd68d][0m[38;5;229m[ADB][0m Running 'C:\Users\sddam\AppData\Local\Android\Sdk\platform-tools\adb.exe -P 5037 -s emulator-5554 shell am start-activity -W -n com.wdiodemoapp/com.wdiodemoapp.MainActivity -S -a android.intent.action.MAIN -c android.intent.category.LAUNCHER -f 0x10200000'
[38;5;90m[4eadd68d][0m[38;5;229m[ADB][0m Expected package names to be focused within 20000ms: 'com.wdiodemoapp'
[38;5;90m[4eadd68d][0m[38;5;229m[ADB][0m Expected activity name patterns to be focused within 20000ms: '/^com\.wdiodemoapp\.MainActivity$/'
[38;5;90m[4eadd68d][0m[38;5;229m[ADB][0m Getting focused package and activity
[38;5;90m[4eadd68d][0m[38;5;229m[ADB][0m Running 'C:\Users\sddam\AppData\Local\Android\Sdk\platform-tools\adb.exe -P 5037 -s emulator-5554 shell dumpsys window displays'
[38;5;90m[4eadd68d][0m[38;5;229m[ADB][0m Focused package: com.wdiodemoapp
[38;5;90m[4eadd68d][0m[38;5;229m[ADB][0m Focused fully qualified activity name: com.wdiodemoapp.MainActivity
[38;5;90m[4eadd68d][0m[38;5;53m[AppiumDriver@4412][0m New AndroidUiautomator2Driver session created successfully, session 4eadd68d-6807-478d-87fb-3a4fd185ba71 added to master session list
[38;5;90m[4eadd68d][0m[38;5;53m[AppiumDriver@4412][0m Event 'newSessionStarted' logged at 1764721948320 (21:32:28 GMT-0300 (Horário Padrão de Brasília))
[38;5;90m[4eadd68d][0m[38;5;-83m[AndroidUiautomator2Driver@003a][0m Cached the protocol value 'W3C' for the new session 4eadd68d-6807-478d-87fb-3a4fd185ba71
[38;5;90m[4eadd68d][0m[38;5;-83m[AndroidUiautomator2Driver@003a][0m Responding to client with driver.createSession() result: {"capabilities":{"platformName":"Android","platformVersion":"16","deviceName":"emulator-5554","automationName":"UIAutomator2","app":"C:\\Users\\sddam\\OneDrive\\Documentos\\automacao\\projeto-apresentacao\\automacao-webdriverIO\\app\\android\\android.wdio.native.app.v1.0.8.apk","platform":"LINUX","webStorageEnabled":false,"takesScreenshot":true,"javascriptEnabled":true,"databaseEnabled":false,"networkConnectionEnabled":true,"locationContextEnabled":false,"warnings":{},"desired":{"platformName":"Android","platformVersion":"16.0","deviceName":"Pixel 6","automationName":"UIAutomator2","app":"C:\\Users\\sddam\\OneDrive\\Documentos\\automacao\\projeto-apresentacao\\automacao-webdriverIO\\app\\android\\android.wdio.native.app.v1.0.8.apk"},"deviceUDID":"emulator-5554","appPackage":"com.wdiodemoapp","appActivity":"com.wdiodemoapp.MainActivity","pixelRatio":"2.625","statBarHeight":128,"viewportRect":{"left":0,"top":128,"width":1080,"height":2272},"deviceApiLevel":36,"deviceManufacturer":"Google","deviceModel":"sdk_...
[38;5;90m[4eadd68d][0m[38;5;86m[HTTP][0m [37m<-- POST /session [39m[32m200[39m [90m5904 ms - 1157[39m [90m[39m
[38;5;90m[4eadd68d][0m[38;5;86m[HTTP][0m [37m-->[39m [37mPOST[39m [37m/session/4eadd68d-6807-478d-87fb-3a4fd185ba71/element[39m [90m{"using":"xpath","value":"//android.widget.TextView[@text=\"Home\"]"}[39m
[38;5;90m[4eadd68d][0m[38;5;-83m[AndroidUiautomator2Driver@003a][0m Calling AppiumDriver.findElement() with args: ["xpath","//android.widget.TextView[@text=\"Home\"]","4eadd68d-6807-478d-87fb-3a4fd185ba71"]
[38;5;90m[4eadd68d][0m[38;5;-83m[AndroidUiautomator2Driver@003a][0m Valid locator strategies for this request: xpath, id, class name, accessibility id, css selector, -android uiautomator
[38;5;90m[4eadd68d][0m[38;5;-83m[AndroidUiautomator2Driver@003a][0m Waiting up to 0 ms for condition
[38;5;90m[4eadd68d][0m[38;5;-83m[AndroidUiautomator2Driver@003a][0m Matched '/element' to command name 'findElement'
[38;5;90m[4eadd68d][0m[38;5;-83m[AndroidUiautomator2Driver@003a][0m Proxying [POST /element] to [POST http://127.0.0.1:8201/session/535fcc72-431f-473c-b30f-b65f257a273d/element] with body: {"strategy":"xpath","selector":"//android.widget.TextView[@text=\"Home\"]","context":"","multiple":false}
[38;5;90m[4eadd68d][0m[38;5;-83m[AndroidUiautomator2Driver@003a][0m Got response with status 200: {"sessionId":"535fcc72-431f-473c-b30f-b65f257a273d","value":{"ELEMENT":"00000000-0000-0426-ffff-ffff00000029","element-6066-11e4-a52e-4f735466cecf":"00000000-0000-0426-ffff-ffff00000029"}}
[38;5;90m[4eadd68d][0m[38;5;-83m[AndroidUiautomator2Driver@003a][0m Responding to client with driver.findElement() result: {"element-6066-11e4-a52e-4f735466cecf":"00000000-0000-0426-ffff-ffff00000029","ELEMENT":"00000000-0000-0426-ffff-ffff00000029"}
[38;5;90m[4eadd68d][0m[38;5;86m[HTTP][0m [37m<-- POST /session/4eadd68d-6807-478d-87fb-3a4fd185ba71/element [39m[32m200[39m [90m1260 ms - 137[39m [90m[39m
[38;5;90m[4eadd68d][0m[38;5;86m[HTTP][0m [37m-->[39m [37mGET[39m [37m/session/4eadd68d-6807-478d-87fb-3a4fd185ba71/element/00000000-0000-0426-ffff-ffff00000029/displayed[39m [90m{}[39m
[38;5;90m[4eadd68d][0m[38;5;-83m[AndroidUiautomator2Driver@003a][0m Calling AppiumDriver.elementDisplayed() with args: ["00000000-0000-0426-ffff-ffff00000029","4eadd68d-6807-478d-87fb-3a4fd185ba71"]
[38;5;90m[4eadd68d][0m[38;5;-83m[AndroidUiautomator2Driver@003a][0m Matched '/element/00000000-0000-0426-ffff-ffff00000029/attribute/displayed' to command name 'getAttribute'
[38;5;90m[4eadd68d][0m[38;5;-83m[AndroidUiautomator2Driver@003a][0m Proxying [GET /element/00000000-0000-0426-ffff-ffff00000029/attribute/displayed] to [GET http://127.0.0.1:8201/session/535fcc72-431f-473c-b30f-b65f257a273d/element/00000000-0000-0426-ffff-ffff00000029/attribute/displayed] with no body
[38;5;90m[4eadd68d][0m[38;5;-83m[AndroidUiautomator2Driver@003a][0m Got response with status 200: {"sessionId":"535fcc72-431f-473c-b30f-b65f257a273d","value":"true"}
[38;5;90m[4eadd68d][0m[38;5;-83m[AndroidUiautomator2Driver@003a][0m Responding to client with driver.elementDisplayed() result: true
[38;5;90m[4eadd68d][0m[38;5;86m[HTTP][0m [37m<-- GET /session/4eadd68d-6807-478d-87fb-3a4fd185ba71/element/00000000-0000-0426-ffff-ffff00000029/displayed [39m[32m200[39m [90m16 ms - 14[39m [90m[39m
[38;5;90m[4eadd68d][0m[38;5;86m[HTTP][0m [37m-->[39m [37mGET[39m [37m/session/4eadd68d-6807-478d-87fb-3a4fd185ba71/element/00000000-0000-0426-ffff-ffff00000029/text[39m [90m{}[39m
[38;5;90m[4eadd68d][0m[38;5;-83m[AndroidUiautomator2Driver@003a][0m Driver proxy active, passing request on via HTTP proxy
[38;5;90m[4eadd68d][0m[38;5;-83m[AndroidUiautomator2Driver@003a][0m Matched '/session/4eadd68d-6807-478d-87fb-3a4fd185ba71/element/00000000-0000-0426-ffff-ffff00000029/text' to command name 'getText'
[38;5;90m[4eadd68d][0m[38;5;-83m[AndroidUiautomator2Driver@003a][0m Proxying [GET /session/4eadd68d-6807-478d-87fb-3a4fd185ba71/element/00000000-0000-0426-ffff-ffff00000029/text] to [GET http://127.0.0.1:8201/session/535fcc72-431f-473c-b30f-b65f257a273d/element/00000000-0000-0426-ffff-ffff00000029/text] with no body
[38;5;90m[4eadd68d][0m[38;5;-83m[AndroidUiautomator2Driver@003a][0m Got response with status 200: {"sessionId":"535fcc72-431f-473c-b30f-b65f257a273d","value":"Home"}
[38;5;90m[4eadd68d][0m[38;5;-83m[AndroidUiautomator2Driver@003a][0m Replacing sessionId 535fcc72-431f-473c-b30f-b65f257a273d with 4eadd68d-6807-478d-87fb-3a4fd185ba71
[38;5;90m[4eadd68d][0m[38;5;86m[HTTP][0m [37m<-- GET /session/4eadd68d-6807-478d-87fb-3a4fd185ba71/element/00000000-0000-0426-ffff-ffff00000029/text [39m[32m200[39m [90m17 ms - 67[39m [90m[39m
[38;5;90m[4eadd68d][0m[38;5;86m[HTTP][0m [37m-->[39m [37mPOST[39m [37m/session/4eadd68d-6807-478d-87fb-3a4fd185ba71/element[39m [90m{"using":"xpath","value":"//android.widget.TextView[@text=\"Home\"]"}[39m
[38;5;90m[4eadd68d][0m[38;5;-83m[AndroidUiautomator2Driver@003a][0m Calling AppiumDriver.findElement() with args: ["xpath","//android.widget.TextView[@text=\"Home\"]","4eadd68d-6807-478d-87fb-3a4fd185ba71"]
[38;5;90m[4eadd68d][0m[38;5;-83m[AndroidUiautomator2Driver@003a][0m Valid locator strategies for this request: xpath, id, class name, accessibility id, css selector, -android uiautomator
[38;5;90m[4eadd68d][0m[38;5;-83m[AndroidUiautomator2Driver@003a][0m Waiting up to 0 ms for condition
[38;5;90m[4eadd68d][0m[38;5;-83m[AndroidUiautomator2Driver@003a][0m Matched '/element' to command name 'findElement'
[38;5;90m[4eadd68d][0m[38;5;-83m[AndroidUiautomator2Driver@003a][0m Proxying [POST /element] to [POST http://127.0.0.1:8201/session/535fcc72-431f-473c-b30f-b65f257a273d/element] with body: {"strategy":"xpath","selector":"//android.widget.TextView[@text=\"Home\"]","context":"","multiple":false}
[38;5;90m[4eadd68d][0m[38;5;-83m[AndroidUiautomator2Driver@003a][0m Got response with status 200: {"sessionId":"535fcc72-431f-473c-b30f-b65f257a273d","value":{"ELEMENT":"00000000-0000-0426-ffff-ffff00000029","element-6066-11e4-a52e-4f735466cecf":"00000000-0000-0426-ffff-ffff00000029"}}
[38;5;90m[4eadd68d][0m[38;5;-83m[AndroidUiautomator2Driver@003a][0m Responding to client with driver.findElement() result: {"element-6066-11e4-a52e-4f735466cecf":"00000000-0000-0426-ffff-ffff00000029","ELEMENT":"00000000-0000-0426-ffff-ffff00000029"}
[38;5;90m[4eadd68d][0m[38;5;86m[HTTP][0m [37m<-- POST /session/4eadd68d-6807-478d-87fb-3a4fd185ba71/element [39m[32m200[39m [90m74 ms - 137[39m [90m[39m
[38;5;90m[4eadd68d][0m[38;5;86m[HTTP][0m [37m-->[39m [37mGET[39m [37m/session/4eadd68d-6807-478d-87fb-3a4fd185ba71/element/00000000-0000-0426-ffff-ffff00000029/displayed[39m [90m{}[39m
[38;5;90m[4eadd68d][0m[38;5;-83m[AndroidUiautomator2Driver@003a][0m Calling AppiumDriver.elementDisplayed() with args: ["00000000-0000-0426-ffff-ffff00000029","4eadd68d-6807-478d-87fb-3a4fd185ba71"]
[38;5;90m[4eadd68d][0m[38;5;-83m[AndroidUiautomator2Driver@003a][0m Matched '/element/00000000-0000-0426-ffff-ffff00000029/attribute/displayed' to command name 'getAttribute'
[38;5;90m[4eadd68d][0m[38;5;-83m[AndroidUiautomator2Driver@003a][0m Proxying [GET /element/00000000-0000-0426-ffff-ffff00000029/attribute/displayed] to [GET http://127.0.0.1:8201/session/535fcc72-431f-473c-b30f-b65f257a273d/element/00000000-0000-0426-ffff-ffff00000029/attribute/displayed] with no body
[38;5;90m[4eadd68d][0m[38;5;-83m[AndroidUiautomator2Driver@003a][0m Got response with status 200: {"sessionId":"535fcc72-431f-473c-b30f-b65f257a273d","value":"true"}
[38;5;90m[4eadd68d][0m[38;5;-83m[AndroidUiautomator2Driver@003a][0m Responding to client with driver.elementDisplayed() result: true
[38;5;90m[4eadd68d][0m[38;5;86m[HTTP][0m [37m<-- GET /session/4eadd68d-6807-478d-87fb-3a4fd185ba71/element/00000000-0000-0426-ffff-ffff00000029/displayed [39m[32m200[39m [90m12 ms - 14[39m [90m[39m
[38;5;90m[4eadd68d][0m[38;5;86m[HTTP][0m [37m-->[39m [37mGET[39m [37m/session/4eadd68d-6807-478d-87fb-3a4fd185ba71/element/00000000-0000-0426-ffff-ffff00000029/displayed[39m [90m{}[39m
[38;5;90m[4eadd68d][0m[38;5;-83m[AndroidUiautomator2Driver@003a][0m Calling AppiumDriver.elementDisplayed() with args: ["00000000-0000-0426-ffff-ffff00000029","4eadd68d-6807-478d-87fb-3a4fd185ba71"]
[38;5;90m[4eadd68d][0m[38;5;-83m[AndroidUiautomator2Driver@003a][0m Matched '/element/00000000-0000-0426-ffff-ffff00000029/attribute/displayed' to command name 'getAttribute'
[38;5;90m[4eadd68d][0m[38;5;-83m[AndroidUiautomator2Driver@003a][0m Proxying [GET /element/00000000-0000-0426-ffff-ffff00000029/attribute/displayed] to [GET http://127.0.0.1:8201/session/535fcc72-431f-473c-b30f-b65f257a273d/element/00000000-0000-0426-ffff-ffff00000029/attribute/displayed] with no body
[38;5;90m[4eadd68d][0m[38;5;-83m[AndroidUiautomator2Driver@003a][0m Got response with status 200: {"sessionId":"535fcc72-431f-473c-b30f-b65f257a273d","value":"true"}
[38;5;90m[4eadd68d][0m[38;5;-83m[AndroidUiautomator2Driver@003a][0m Responding to client with driver.elementDisplayed() result: true
[38;5;90m[4eadd68d][0m[38;5;86m[HTTP][0m [37m<-- GET /session/4eadd68d-6807-478d-87fb-3a4fd185ba71/element/00000000-0000-0426-ffff-ffff00000029/displayed [39m[32m200[39m [90m12 ms - 14[39m [90m[39m
[38;5;90m[4eadd68d][0m[38;5;86m[HTTP][0m [37m-->[39m [37mPOST[39m [37m/session/4eadd68d-6807-478d-87fb-3a4fd185ba71/element[39m [90m{"using":"xpath","value":"//android.widget.ScrollView[@content-desc=\"Home-screen\"]/android.view.ViewGroup/android.widget.ImageView[1]"}[39m
[38;5;90m[4eadd68d][0m[38;5;-83m[AndroidUiautomator2Driver@003a][0m Calling AppiumDriver.findElement() with args: ["xpath","//android.widget.ScrollView[@content-desc=\"Home-screen\"]/android.view.ViewGroup/android.widget.ImageView[1]","4eadd68d-6807-478d-87fb-3a4fd185ba71"]
[38;5;90m[4eadd68d][0m[38;5;-83m[AndroidUiautomator2Driver@003a][0m Valid locator strategies for this request: xpath, id, class name, accessibility id, css selector, -android uiautomator
[38;5;90m[4eadd68d][0m[38;5;-83m[AndroidUiautomator2Driver@003a][0m Waiting up to 0 ms for condition
[38;5;90m[4eadd68d][0m[38;5;-83m[AndroidUiautomator2Driver@003a][0m Matched '/element' to command name 'findElement'
[38;5;90m[4eadd68d][0m[38;5;-83m[AndroidUiautomator2Driver@003a][0m Proxying [POST /element] to [POST http://127.0.0.1:8201/session/535fcc72-431f-473c-b30f-b65f257a273d/element] with body: {"strategy":"xpath","selector":"//android.widget.ScrollView[@content-desc=\"Home-screen\"]/android.view.ViewGroup/android.widget.ImageView[1]","context":"","multiple":false}
[38;5;90m[4eadd68d][0m[38;5;-83m[AndroidUiautomator2Driver@003a][0m Got response with status 200: {"sessionId":"535fcc72-431f-473c-b30f-b65f257a273d","value":{"ELEMENT":"00000000-0000-0426-ffff-ffff0000001b","element-6066-11e4-a52e-4f735466cecf":"00000000-0000-0426-ffff-ffff0000001b"}}
[38;5;90m[4eadd68d][0m[38;5;-83m[AndroidUiautomator2Driver@003a][0m Responding to client with driver.findElement() result: {"element-6066-11e4-a52e-4f735466cecf":"00000000-0000-0426-ffff-ffff0000001b","ELEMENT":"00000000-0000-0426-ffff-ffff0000001b"}
[38;5;90m[4eadd68d][0m[38;5;86m[HTTP][0m [37m<-- POST /session/4eadd68d-6807-478d-87fb-3a4fd185ba71/element [39m[32m200[39m [90m70 ms - 137[39m [90m[39m
[38;5;90m[4eadd68d][0m[38;5;86m[HTTP][0m [37m-->[39m [37mGET[39m [37m/session/4eadd68d-6807-478d-87fb-3a4fd185ba71/element/00000000-0000-0426-ffff-ffff0000001b/displayed[39m [90m{}[39m
[38;5;90m[4eadd68d][0m[38;5;-83m[AndroidUiautomator2Driver@003a][0m Calling AppiumDriver.elementDisplayed() with args: ["00000000-0000-0426-ffff-ffff0000001b","4eadd68d-6807-478d-87fb-3a4fd185ba71"]
[38;5;90m[4eadd68d][0m[38;5;-83m[AndroidUiautomator2Driver@003a][0m Matched '/element/00000000-0000-0426-ffff-ffff0000001b/attribute/displayed' to command name 'getAttribute'
[38;5;90m[4eadd68d][0m[38;5;-83m[AndroidUiautomator2Driver@003a][0m Proxying [GET /element/00000000-0000-0426-ffff-ffff0000001b/attribute/displayed] to [GET http://127.0.0.1:8201/session/535fcc72-431f-473c-b30f-b65f257a273d/element/00000000-0000-0426-ffff-ffff0000001b/attribute/displayed] with no body
[38;5;90m[4eadd68d][0m[38;5;-83m[AndroidUiautomator2Driver@003a][0m Got response with status 200: {"sessionId":"535fcc72-431f-473c-b30f-b65f257a273d","value":"true"}
[38;5;90m[4eadd68d][0m[38;5;-83m[AndroidUiautomator2Driver@003a][0m Responding to client with driver.elementDisplayed() result: true
[38;5;90m[4eadd68d][0m[38;5;86m[HTTP][0m [37m<-- GET /session/4eadd68d-6807-478d-87fb-3a4fd185ba71/element/00000000-0000-0426-ffff-ffff0000001b/displayed [39m[32m200[39m [90m17 ms - 14[39m [90m[39m
[38;5;90m[4eadd68d][0m[38;5;86m[HTTP][0m [37m-->[39m [37mGET[39m [37m/session/4eadd68d-6807-478d-87fb-3a4fd185ba71/element/00000000-0000-0426-ffff-ffff0000001b/displayed[39m [90m{}[39m
[38;5;90m[4eadd68d][0m[38;5;-83m[AndroidUiautomator2Driver@003a][0m Calling AppiumDriver.elementDisplayed() with args: ["00000000-0000-0426-ffff-ffff0000001b","4eadd68d-6807-478d-87fb-3a4fd185ba71"]
[38;5;90m[4eadd68d][0m[38;5;-83m[AndroidUiautomator2Driver@003a][0m Matched '/element/00000000-0000-0426-ffff-ffff0000001b/attribute/displayed' to command name 'getAttribute'
[38;5;90m[4eadd68d][0m[38;5;-83m[AndroidUiautomator2Driver@003a][0m Proxying [GET /element/00000000-0000-0426-ffff-ffff0000001b/attribute/displayed] to [GET http://127.0.0.1:8201/session/535fcc72-431f-473c-b30f-b65f257a273d/element/00000000-0000-0426-ffff-ffff0000001b/attribute/displayed] with no body
[38;5;90m[4eadd68d][0m[38;5;-83m[AndroidUiautomator2Driver@003a][0m Got response with status 200: {"sessionId":"535fcc72-431f-473c-b30f-b65f257a273d","value":"true"}
[38;5;90m[4eadd68d][0m[38;5;-83m[AndroidUiautomator2Driver@003a][0m Responding to client with driver.elementDisplayed() result: true
[38;5;90m[4eadd68d][0m[38;5;86m[HTTP][0m [37m<-- GET /session/4eadd68d-6807-478d-87fb-3a4fd185ba71/element/00000000-0000-0426-ffff-ffff0000001b/displayed [39m[32m200[39m [90m13 ms - 14[39m [90m[39m
[38;5;90m[4eadd68d][0m[38;5;86m[HTTP][0m [37m-->[39m [37mPOST[39m [37m/session/4eadd68d-6807-478d-87fb-3a4fd185ba71/element[39m [90m{"using":"xpath","value":"//android.widget.TextView[@text=\"WEBDRIVER\"]"}[39m
[38;5;90m[4eadd68d][0m[38;5;-83m[AndroidUiautomator2Driver@003a][0m Calling AppiumDriver.findElement() with args: ["xpath","//android.widget.TextView[@text=\"WEBDRIVER\"]","4eadd68d-6807-478d-87fb-3a4fd185ba71"]
[38;5;90m[4eadd68d][0m[38;5;-83m[AndroidUiautomator2Driver@003a][0m Valid locator strategies for this request: xpath, id, class name, accessibility id, css selector, -android uiautomator
[38;5;90m[4eadd68d][0m[38;5;-83m[AndroidUiautomator2Driver@003a][0m Waiting up to 0 ms for condition
[38;5;90m[4eadd68d][0m[38;5;-83m[AndroidUiautomator2Driver@003a][0m Matched '/element' to command name 'findElement'
[38;5;90m[4eadd68d][0m[38;5;-83m[AndroidUiautomator2Driver@003a][0m Proxying [POST /element] to [POST http://127.0.0.1:8201/session/535fcc72-431f-473c-b30f-b65f257a273d/element] with body: {"strategy":"xpath","selector":"//android.widget.TextView[@text=\"WEBDRIVER\"]","context":"","multiple":false}
[38;5;90m[4eadd68d][0m[38;5;-83m[AndroidUiautomator2Driver@003a][0m Got response with status 200: {"sessionId":"535fcc72-431f-473c-b30f-b65f257a273d","value":{"ELEMENT":"00000000-0000-0426-ffff-ffff0000001c","element-6066-11e4-a52e-4f735466cecf":"00000000-0000-0426-ffff-ffff0000001c"}}
[38;5;90m[4eadd68d][0m[38;5;-83m[AndroidUiautomator2Driver@003a][0m Responding to client with driver.findElement() result: {"element-6066-11e4-a52e-4f735466cecf":"00000000-0000-0426-ffff-ffff0000001c","ELEMENT":"00000000-0000-0426-ffff-ffff0000001c"}
[38;5;90m[4eadd68d][0m[38;5;86m[HTTP][0m [37m<-- POST /session/4eadd68d-6807-478d-87fb-3a4fd185ba71/element [39m[32m200[39m [90m77 ms - 137[39m [90m[39m
[38;5;90m[4eadd68d][0m[38;5;86m[HTTP][0m [37m-->[39m [37mGET[39m [37m/session/4eadd68d-6807-478d-87fb-3a4fd185ba71/element/00000000-0000-0426-ffff-ffff0000001c/displayed[39m [90m{}[39m
[38;5;90m[4eadd68d][0m[38;5;-83m[AndroidUiautomator2Driver@003a][0m Calling AppiumDriver.elementDisplayed() with args: ["00000000-0000-0426-ffff-ffff0000001c","4eadd68d-6807-478d-87fb-3a4fd185ba71"]
[38;5;90m[4eadd68d][0m[38;5;-83m[AndroidUiautomator2Driver@003a][0m Matched '/element/00000000-0000-0426-ffff-ffff0000001c/attribute/displayed' to command name 'getAttribute'
[38;5;90m[4eadd68d][0m[38;5;-83m[AndroidUiautomator2Driver@003a][0m Proxying [GET /element/00000000-0000-0426-ffff-ffff0000001c/attribute/displayed] to [GET http://127.0.0.1:8201/session/535fcc72-431f-473c-b30f-b65f257a273d/element/00000000-0000-0426-ffff-ffff0000001c/attribute/displayed] with no body
[38;5;90m[4eadd68d][0m[38;5;-83m[AndroidUiautomator2Driver@003a][0m Got response with status 200: {"sessionId":"535fcc72-431f-473c-b30f-b65f257a273d","value":"true"}
[38;5;90m[4eadd68d][0m[38;5;-83m[AndroidUiautomator2Driver@003a][0m Responding to client with driver.elementDisplayed() result: true
[38;5;90m[4eadd68d][0m[38;5;86m[HTTP][0m [37m<-- GET /session/4eadd68d-6807-478d-87fb-3a4fd185ba71/element/00000000-0000-0426-ffff-ffff0000001c/displayed [39m[32m200[39m [90m12 ms - 14[39m [90m[39m
[38;5;90m[4eadd68d][0m[38;5;86m[HTTP][0m [37m-->[39m [37mGET[39m [37m/session/4eadd68d-6807-478d-87fb-3a4fd185ba71/element/00000000-0000-0426-ffff-ffff0000001c/text[39m [90m{}[39m
[38;5;90m[4eadd68d][0m[38;5;-83m[AndroidUiautomator2Driver@003a][0m Driver proxy active, passing request on via HTTP proxy
[38;5;90m[4eadd68d][0m[38;5;-83m[AndroidUiautomator2Driver@003a][0m Matched '/session/4eadd68d-6807-478d-87fb-3a4fd185ba71/element/00000000-0000-0426-ffff-ffff0000001c/text' to command name 'getText'
[38;5;90m[4eadd68d][0m[38;5;-83m[AndroidUiautomator2Driver@003a][0m Proxying [GET /session/4eadd68d-6807-478d-87fb-3a4fd185ba71/element/00000000-0000-0426-ffff-ffff0000001c/text] to [GET http://127.0.0.1:8201/session/535fcc72-431f-473c-b30f-b65f257a273d/element/00000000-0000-0426-ffff-ffff0000001c/text] with no body
[38;5;90m[4eadd68d][0m[38;5;-83m[AndroidUiautomator2Driver@003a][0m Got response with status 200: {"sessionId":"535fcc72-431f-473c-b30f-b65f257a273d","value":"WEBDRIVER"}
[38;5;90m[4eadd68d][0m[38;5;-83m[AndroidUiautomator2Driver@003a][0m Replacing sessionId 535fcc72-431f-473c-b30f-b65f257a273d with 4eadd68d-6807-478d-87fb-3a4fd185ba71
[38;5;90m[4eadd68d][0m[38;5;86m[HTTP][0m [37m<-- GET /session/4eadd68d-6807-478d-87fb-3a4fd185ba71/element/00000000-0000-0426-ffff-ffff0000001c/text [39m[32m200[39m [90m13 ms - 72[39m [90m[39m
[38;5;90m[4eadd68d][0m[38;5;86m[HTTP][0m [37m-->[39m [37mPOST[39m [37m/session/4eadd68d-6807-478d-87fb-3a4fd185ba71/element[39m [90m{"using":"xpath","value":"//android.widget.ScrollView[@content-desc=\"Home-screen\"]/android.view.ViewGroup/android.widget.ImageView[2]"}[39m
[38;5;90m[4eadd68d][0m[38;5;-83m[AndroidUiautomator2Driver@003a][0m Calling AppiumDriver.findElement() with args: ["xpath","//android.widget.ScrollView[@content-desc=\"Home-screen\"]/android.view.ViewGroup/android.widget.ImageView[2]","4eadd68d-6807-478d-87fb-3a4fd185ba71"]
[38;5;90m[4eadd68d][0m[38;5;-83m[AndroidUiautomator2Driver@003a][0m Valid locator strategies for this request: xpath, id, class name, accessibility id, css selector, -android uiautomator
[38;5;90m[4eadd68d][0m[38;5;-83m[AndroidUiautomator2Driver@003a][0m Waiting up to 0 ms for condition
[38;5;90m[4eadd68d][0m[38;5;-83m[AndroidUiautomator2Driver@003a][0m Matched '/element' to command name 'findElement'
[38;5;90m[4eadd68d][0m[38;5;-83m[AndroidUiautomator2Driver@003a][0m Proxying [POST /element] to [POST http://127.0.0.1:8201/session/535fcc72-431f-473c-b30f-b65f257a273d/element] with body: {"strategy":"xpath","selector":"//android.widget.ScrollView[@content-desc=\"Home-screen\"]/android.view.ViewGroup/android.widget.ImageView[2]","context":"","multiple":false}
[38;5;90m[4eadd68d][0m[38;5;-83m[AndroidUiautomator2Driver@003a][0m Got response with status 200: {"sessionId":"535fcc72-431f-473c-b30f-b65f257a273d","value":{"ELEMENT":"00000000-0000-0426-ffff-ffff0000001d","element-6066-11e4-a52e-4f735466cecf":"00000000-0000-0426-ffff-ffff0000001d"}}
[38;5;90m[4eadd68d][0m[38;5;-83m[AndroidUiautomator2Driver@003a][0m Responding to client with driver.findElement() result: {"element-6066-11e4-a52e-4f735466cecf":"00000000-0000-0426-ffff-ffff0000001d","ELEMENT":"00000000-0000-0426-ffff-ffff0000001d"}
[38;5;90m[4eadd68d][0m[38;5;86m[HTTP][0m [37m<-- POST /session/4eadd68d-6807-478d-87fb-3a4fd185ba71/element [39m[32m200[39m [90m67 ms - 137[39m [90m[39m
[38;5;90m[4eadd68d][0m[38;5;86m[HTTP][0m [37m-->[39m [37mGET[39m [37m/session/4eadd68d-6807-478d-87fb-3a4fd185ba71/element/00000000-0000-0426-ffff-ffff0000001d/displayed[39m [90m{}[39m
[38;5;90m[4eadd68d][0m[38;5;-83m[AndroidUiautomator2Driver@003a][0m Calling AppiumDriver.elementDisplayed() with args: ["00000000-0000-0426-ffff-ffff0000001d","4eadd68d-6807-478d-87fb-3a4fd185ba71"]
[38;5;90m[4eadd68d][0m[38;5;-83m[AndroidUiautomator2Driver@003a][0m Matched '/element/00000000-0000-0426-ffff-ffff0000001d/attribute/displayed' to command name 'getAttribute'
[38;5;90m[4eadd68d][0m[38;5;-83m[AndroidUiautomator2Driver@003a][0m Proxying [GET /element/00000000-0000-0426-ffff-ffff0000001d/attribute/displayed] to [GET http://127.0.0.1:8201/session/535fcc72-431f-473c-b30f-b65f257a273d/element/00000000-0000-0426-ffff-ffff0000001d/attribute/displayed] with no body
[38;5;90m[4eadd68d][0m[38;5;-83m[AndroidUiautomator2Driver@003a][0m Got response with status 200: {"sessionId":"535fcc72-431f-473c-b30f-b65f257a273d","value":"true"}
[38;5;90m[4eadd68d][0m[38;5;-83m[AndroidUiautomator2Driver@003a][0m Responding to client with driver.elementDisplayed() result: true
[38;5;90m[4eadd68d][0m[38;5;86m[HTTP][0m [37m<-- GET /session/4eadd68d-6807-478d-87fb-3a4fd185ba71/element/00000000-0000-0426-ffff-ffff0000001d/displayed [39m[32m200[39m [90m33 ms - 14[39m [90m[39m
[38;5;90m[4eadd68d][0m[38;5;86m[HTTP][0m [37m-->[39m [37mGET[39m [37m/session/4eadd68d-6807-478d-87fb-3a4fd185ba71/element/00000000-0000-0426-ffff-ffff0000001d/displayed[39m [90m{}[39m
[38;5;90m[4eadd68d][0m[38;5;-83m[AndroidUiautomator2Driver@003a][0m Calling AppiumDriver.elementDisplayed() with args: ["00000000-0000-0426-ffff-ffff0000001d","4eadd68d-6807-478d-87fb-3a4fd185ba71"]
[38;5;90m[4eadd68d][0m[38;5;-83m[AndroidUiautomator2Driver@003a][0m Matched '/element/00000000-0000-0426-ffff-ffff0000001d/attribute/displayed' to command name 'getAttribute'
[38;5;90m[4eadd68d][0m[38;5;-83m[AndroidUiautomator2Driver@003a][0m Proxying [GET /element/00000000-0000-0426-ffff-ffff0000001d/attribute/displayed] to [GET http://127.0.0.1:8201/session/535fcc72-431f-473c-b30f-b65f257a273d/element/00000000-0000-0426-ffff-ffff0000001d/attribute/displayed] with no body
[38;5;90m[4eadd68d][0m[38;5;-83m[AndroidUiautomator2Driver@003a][0m Got response with status 200: {"sessionId":"535fcc72-431f-473c-b30f-b65f257a273d","value":"true"}
[38;5;90m[4eadd68d][0m[38;5;-83m[AndroidUiautomator2Driver@003a][0m Responding to client with driver.elementDisplayed() result: true
[38;5;90m[4eadd68d][0m[38;5;86m[HTTP][0m [37m<-- GET /session/4eadd68d-6807-478d-87fb-3a4fd185ba71/element/00000000-0000-0426-ffff-ffff0000001d/displayed [39m[32m200[39m [90m30 ms - 14[39m [90m[39m
[38;5;90m[4eadd68d][0m[38;5;86m[HTTP][0m [37m-->[39m [37mPOST[39m [37m/session/4eadd68d-6807-478d-87fb-3a4fd185ba71/element[39m [90m{"using":"xpath","value":"//android.widget.TextView[@text=\"󰀵\"]"}[39m
[38;5;90m[4eadd68d][0m[38;5;-83m[AndroidUiautomator2Driver@003a][0m Calling AppiumDriver.findElement() with args: ["xpath","//android.widget.TextView[@text=\"󰀵\"]","4eadd68d-6807-478d-87fb-3a4fd185ba71"]
[38;5;90m[4eadd68d][0m[38;5;-83m[AndroidUiautomator2Driver@003a][0m Valid locator strategies for this request: xpath, id, class name, accessibility id, css selector, -android uiautomator
[38;5;90m[4eadd68d][0m[38;5;-83m[AndroidUiautomator2Driver@003a][0m Waiting up to 0 ms for condition
[38;5;90m[4eadd68d][0m[38;5;-83m[AndroidUiautomator2Driver@003a][0m Matched '/element' to command name 'findElement'
[38;5;90m[4eadd68d][0m[38;5;-83m[AndroidUiautomator2Driver@003a][0m Proxying [POST /element] to [POST http://127.0.0.1:8201/session/535fcc72-431f-473c-b30f-b65f257a273d/element] with body: {"strategy":"xpath","selector":"//android.widget.TextView[@text=\"󰀵\"]","context":"","multiple":false}
[38;5;90m[4eadd68d][0m[38;5;-83m[AndroidUiautomator2Driver@003a][0m Got response with status 200: {"sessionId":"535fcc72-431f-473c-b30f-b65f257a273d","value":{"ELEMENT":"00000000-0000-0426-ffff-ffff0000001f","element-6066-11e4-a52e-4f735466cecf":"00000000-0000-0426-ffff-ffff0000001f"}}
[38;5;90m[4eadd68d][0m[38;5;-83m[AndroidUiautomator2Driver@003a][0m Responding to client with driver.findElement() result: {"element-6066-11e4-a52e-4f735466cecf":"00000000-0000-0426-ffff-ffff0000001f","ELEMENT":"00000000-0000-0426-ffff-ffff0000001f"}
[38;5;90m[4eadd68d][0m[38;5;86m[HTTP][0m [37m<-- POST /session/4eadd68d-6807-478d-87fb-3a4fd185ba71/element [39m[32m200[39m [90m273 ms - 137[39m [90m[39m
[38;5;90m[4eadd68d][0m[38;5;86m[HTTP][0m [37m-->[39m [37mGET[39m [37m/session/4eadd68d-6807-478d-87fb-3a4fd185ba71/element/00000000-0000-0426-ffff-ffff0000001f/displayed[39m [90m{}[39m
[38;5;90m[4eadd68d][0m[38;5;-83m[AndroidUiautomator2Driver@003a][0m Calling AppiumDriver.elementDisplayed() with args: ["00000000-0000-0426-ffff-ffff0000001f","4eadd68d-6807-478d-87fb-3a4fd185ba71"]
[38;5;90m[4eadd68d][0m[38;5;-83m[AndroidUiautomator2Driver@003a][0m Matched '/element/00000000-0000-0426-ffff-ffff0000001f/attribute/displayed' to command name 'getAttribute'
[38;5;90m[4eadd68d][0m[38;5;-83m[AndroidUiautomator2Driver@003a][0m Proxying [GET /element/00000000-0000-0426-ffff-ffff0000001f/attribute/displayed] to [GET http://127.0.0.1:8201/session/535fcc72-431f-473c-b30f-b65f257a273d/element/00000000-0000-0426-ffff-ffff0000001f/attribute/displayed] with no body
[38;5;90m[4eadd68d][0m[38;5;-83m[AndroidUiautomator2Driver@003a][0m Got response with status 200: {"sessionId":"535fcc72-431f-473c-b30f-b65f257a273d","value":"true"}
[38;5;90m[4eadd68d][0m[38;5;-83m[AndroidUiautomator2Driver@003a][0m Responding to client with driver.elementDisplayed() result: true
[38;5;90m[4eadd68d][0m[38;5;86m[HTTP][0m [37m<-- GET /session/4eadd68d-6807-478d-87fb-3a4fd185ba71/element/00000000-0000-0426-ffff-ffff0000001f/displayed [39m[32m200[39m [90m14 ms - 14[39m [90m[39m
[38;5;90m[4eadd68d][0m[38;5;86m[HTTP][0m [37m-->[39m [37mGET[39m [37m/session/4eadd68d-6807-478d-87fb-3a4fd185ba71/element/00000000-0000-0426-ffff-ffff0000001f/displayed[39m [90m{}[39m
[38;5;90m[4eadd68d][0m[38;5;-83m[AndroidUiautomator2Driver@003a][0m Calling AppiumDriver.elementDisplayed() with args: ["00000000-0000-0426-ffff-ffff0000001f","4eadd68d-6807-478d-87fb-3a4fd185ba71"]
[38;5;90m[4eadd68d][0m[38;5;-83m[AndroidUiautomator2Driver@003a][0m Matched '/element/00000000-0000-0426-ffff-ffff0000001f/attribute/displayed' to command name 'getAttribute'
[38;5;90m[4eadd68d][0m[38;5;-83m[AndroidUiautomator2Driver@003a][0m Proxying [GET /element/00000000-0000-0426-ffff-ffff0000001f/attribute/displayed] to [GET http://127.0.0.1:8201/session/535fcc72-431f-473c-b30f-b65f257a273d/element/00000000-0000-0426-ffff-ffff0000001f/attribute/displayed] with no body
[38;5;90m[4eadd68d][0m[38;5;-83m[AndroidUiautomator2Driver@003a][0m Got response with status 200: {"sessionId":"535fcc72-431f-473c-b30f-b65f257a273d","value":"true"}
[38;5;90m[4eadd68d][0m[38;5;-83m[AndroidUiautomator2Driver@003a][0m Responding to client with driver.elementDisplayed() result: true
[38;5;90m[4eadd68d][0m[38;5;86m[HTTP][0m [37m<-- GET /session/4eadd68d-6807-478d-87fb-3a4fd185ba71/element/00000000-0000-0426-ffff-ffff0000001f/displayed [39m[32m200[39m [90m12 ms - 14[39m [90m[39m
[38;5;90m[4eadd68d][0m[38;5;86m[HTTP][0m [37m-->[39m [37mPOST[39m [37m/session/4eadd68d-6807-478d-87fb-3a4fd185ba71/element[39m [90m{"using":"xpath","value":"//android.widget.TextView[@text=\"󰀲\"]"}[39m
[38;5;90m[4eadd68d][0m[38;5;-83m[AndroidUiautomator2Driver@003a][0m Calling AppiumDriver.findElement() with args: ["xpath","//android.widget.TextView[@text=\"󰀲\"]","4eadd68d-6807-478d-87fb-3a4fd185ba71"]
[38;5;90m[4eadd68d][0m[38;5;-83m[AndroidUiautomator2Driver@003a][0m Valid locator strategies for this request: xpath, id, class name, accessibility id, css selector, -android uiautomator
[38;5;90m[4eadd68d][0m[38;5;-83m[AndroidUiautomator2Driver@003a][0m Waiting up to 0 ms for condition
[38;5;90m[4eadd68d][0m[38;5;-83m[AndroidUiautomator2Driver@003a][0m Matched '/element' to command name 'findElement'
[38;5;90m[4eadd68d][0m[38;5;-83m[AndroidUiautomator2Driver@003a][0m Proxying [POST /element] to [POST http://127.0.0.1:8201/session/535fcc72-431f-473c-b30f-b65f257a273d/element] with body: {"strategy":"xpath","selector":"//android.widget.TextView[@text=\"󰀲\"]","context":"","multiple":false}
[38;5;90m[4eadd68d][0m[38;5;-83m[AndroidUiautomator2Driver@003a][0m Got response with status 200: {"sessionId":"535fcc72-431f-473c-b30f-b65f257a273d","value":{"ELEMENT":"00000000-0000-0426-ffff-ffff00000020","element-6066-11e4-a52e-4f735466cecf":"00000000-0000-0426-ffff-ffff00000020"}}
[38;5;90m[4eadd68d][0m[38;5;-83m[AndroidUiautomator2Driver@003a][0m Responding to client with driver.findElement() result: {"element-6066-11e4-a52e-4f735466cecf":"00000000-0000-0426-ffff-ffff00000020","ELEMENT":"00000000-0000-0426-ffff-ffff00000020"}
[38;5;90m[4eadd68d][0m[38;5;86m[HTTP][0m [37m<-- POST /session/4eadd68d-6807-478d-87fb-3a4fd185ba71/element [39m[32m200[39m [90m62 ms - 137[39m [90m[39m
[38;5;90m[4eadd68d][0m[38;5;86m[HTTP][0m [37m-->[39m [37mGET[39m [37m/session/4eadd68d-6807-478d-87fb-3a4fd185ba71/element/00000000-0000-0426-ffff-ffff00000020/displayed[39m [90m{}[39m
[38;5;90m[4eadd68d][0m[38;5;-83m[AndroidUiautomator2Driver@003a][0m Calling AppiumDriver.elementDisplayed() with args: ["00000000-0000-0426-ffff-ffff00000020","4eadd68d-6807-478d-87fb-3a4fd185ba71"]
[38;5;90m[4eadd68d][0m[38;5;-83m[AndroidUiautomator2Driver@003a][0m Matched '/element/00000000-0000-0426-ffff-ffff00000020/attribute/displayed' to command name 'getAttribute'
[38;5;90m[4eadd68d][0m[38;5;-83m[AndroidUiautomator2Driver@003a][0m Proxying [GET /element/00000000-0000-0426-ffff-ffff00000020/attribute/displayed] to [GET http://127.0.0.1:8201/session/535fcc72-431f-473c-b30f-b65f257a273d/element/00000000-0000-0426-ffff-ffff00000020/attribute/displayed] with no body
[38;5;90m[4eadd68d][0m[38;5;-83m[AndroidUiautomator2Driver@003a][0m Got response with status 200: {"sessionId":"535fcc72-431f-473c-b30f-b65f257a273d","value":"true"}
[38;5;90m[4eadd68d][0m[38;5;-83m[AndroidUiautomator2Driver@003a][0m Responding to client with driver.elementDisplayed() result: true
[38;5;90m[4eadd68d][0m[38;5;86m[HTTP][0m [37m<-- GET /session/4eadd68d-6807-478d-87fb-3a4fd185ba71/element/00000000-0000-0426-ffff-ffff00000020/displayed [39m[32m200[39m [90m13 ms - 14[39m [90m[39m
[38;5;90m[4eadd68d][0m[38;5;86m[HTTP][0m [37m-->[39m [37mGET[39m [37m/session/4eadd68d-6807-478d-87fb-3a4fd185ba71/element/00000000-0000-0426-ffff-ffff00000020/displayed[39m [90m{}[39m
[38;5;90m[4eadd68d][0m[38;5;-83m[AndroidUiautomator2Driver@003a][0m Calling AppiumDriver.elementDisplayed() with args: ["00000000-0000-0426-ffff-ffff00000020","4eadd68d-6807-478d-87fb-3a4fd185ba71"]
[38;5;90m[4eadd68d][0m[38;5;-83m[AndroidUiautomator2Driver@003a][0m Matched '/element/00000000-0000-0426-ffff-ffff00000020/attribute/displayed' to command name 'getAttribute'
[38;5;90m[4eadd68d][0m[38;5;-83m[AndroidUiautomator2Driver@003a][0m Proxying [GET /element/00000000-0000-0426-ffff-ffff00000020/attribute/displayed] to [GET http://127.0.0.1:8201/session/535fcc72-431f-473c-b30f-b65f257a273d/element/00000000-0000-0426-ffff-ffff00000020/attribute/displayed] with no body
[38;5;90m[4eadd68d][0m[38;5;-83m[AndroidUiautomator2Driver@003a][0m Got response with status 200: {"sessionId":"535fcc72-431f-473c-b30f-b65f257a273d","value":"true"}
[38;5;90m[4eadd68d][0m[38;5;-83m[AndroidUiautomator2Driver@003a][0m Responding to client with driver.elementDisplayed() result: true
[38;5;90m[4eadd68d][0m[38;5;86m[HTTP][0m [37m<-- GET /session/4eadd68d-6807-478d-87fb-3a4fd185ba71/element/00000000-0000-0426-ffff-ffff00000020/displayed [39m[32m200[39m [90m12 ms - 14[39m [90m[39m
[38;5;90m[4eadd68d][0m[38;5;86m[HTTP][0m [37m-->[39m [37mPOST[39m [37m/session/4eadd68d-6807-478d-87fb-3a4fd185ba71/element[39m [90m{"using":"xpath","value":"//android.widget.TextView[@text=\"Support\"]"}[39m
[38;5;90m[4eadd68d][0m[38;5;-83m[AndroidUiautomator2Driver@003a][0m Calling AppiumDriver.findElement() with args: ["xpath","//android.widget.TextView[@text=\"Support\"]","4eadd68d-6807-478d-87fb-3a4fd185ba71"]
[38;5;90m[4eadd68d][0m[38;5;-83m[AndroidUiautomator2Driver@003a][0m Valid locator strategies for this request: xpath, id, class name, accessibility id, css selector, -android uiautomator
[38;5;90m[4eadd68d][0m[38;5;-83m[AndroidUiautomator2Driver@003a][0m Waiting up to 0 ms for condition
[38;5;90m[4eadd68d][0m[38;5;-83m[AndroidUiautomator2Driver@003a][0m Matched '/element' to command name 'findElement'
[38;5;90m[4eadd68d][0m[38;5;-83m[AndroidUiautomator2Driver@003a][0m Proxying [POST /element] to [POST http://127.0.0.1:8201/session/535fcc72-431f-473c-b30f-b65f257a273d/element] with body: {"strategy":"xpath","selector":"//android.widget.TextView[@text=\"Support\"]","context":"","multiple":false}
[38;5;90m[4eadd68d][0m[38;5;-83m[AndroidUiautomator2Driver@003a][0m Got response with status 200: {"sessionId":"535fcc72-431f-473c-b30f-b65f257a273d","value":{"ELEMENT":"00000000-0000-0426-ffff-ffff00000021","element-6066-11e4-a52e-4f735466cecf":"00000000-0000-0426-ffff-ffff00000021"}}
[38;5;90m[4eadd68d][0m[38;5;-83m[AndroidUiautomator2Driver@003a][0m Responding to client with driver.findElement() result: {"element-6066-11e4-a52e-4f735466cecf":"00000000-0000-0426-ffff-ffff00000021","ELEMENT":"00000000-0000-0426-ffff-ffff00000021"}
[38;5;90m[4eadd68d][0m[38;5;86m[HTTP][0m [37m<-- POST /session/4eadd68d-6807-478d-87fb-3a4fd185ba71/element [39m[32m200[39m [90m65 ms - 137[39m [90m[39m
[38;5;90m[4eadd68d][0m[38;5;86m[HTTP][0m [37m-->[39m [37mGET[39m [37m/session/4eadd68d-6807-478d-87fb-3a4fd185ba71/element/00000000-0000-0426-ffff-ffff00000021/displayed[39m [90m{}[39m
[38;5;90m[4eadd68d][0m[38;5;-83m[AndroidUiautomator2Driver@003a][0m Calling AppiumDriver.elementDisplayed() with args: ["00000000-0000-0426-ffff-ffff00000021","4eadd68d-6807-478d-87fb-3a4fd185ba71"]
[38;5;90m[4eadd68d][0m[38;5;-83m[AndroidUiautomator2Driver@003a][0m Matched '/element/00000000-0000-0426-ffff-ffff00000021/attribute/displayed' to command name 'getAttribute'
[38;5;90m[4eadd68d][0m[38;5;-83m[AndroidUiautomator2Driver@003a][0m Proxying [GET /element/00000000-0000-0426-ffff-ffff00000021/attribute/displayed] to [GET http://127.0.0.1:8201/session/535fcc72-431f-473c-b30f-b65f257a273d/element/00000000-0000-0426-ffff-ffff00000021/attribute/displayed] with no body
[38;5;90m[4eadd68d][0m[38;5;-83m[AndroidUiautomator2Driver@003a][0m Got response with status 200: {"sessionId":"535fcc72-431f-473c-b30f-b65f257a273d","value":"true"}
[38;5;90m[4eadd68d][0m[38;5;-83m[AndroidUiautomator2Driver@003a][0m Responding to client with driver.elementDisplayed() result: true
[38;5;90m[4eadd68d][0m[38;5;86m[HTTP][0m [37m<-- GET /session/4eadd68d-6807-478d-87fb-3a4fd185ba71/element/00000000-0000-0426-ffff-ffff00000021/displayed [39m[32m200[39m [90m12 ms - 14[39m [90m[39m
[38;5;90m[4eadd68d][0m[38;5;86m[HTTP][0m [37m-->[39m [37mGET[39m [37m/session/4eadd68d-6807-478d-87fb-3a4fd185ba71/element/00000000-0000-0426-ffff-ffff00000021/text[39m [90m{}[39m
[38;5;90m[4eadd68d][0m[38;5;-83m[AndroidUiautomator2Driver@003a][0m Driver proxy active, passing request on via HTTP proxy
[38;5;90m[4eadd68d][0m[38;5;-83m[AndroidUiautomator2Driver@003a][0m Matched '/session/4eadd68d-6807-478d-87fb-3a4fd185ba71/element/00000000-0000-0426-ffff-ffff00000021/text' to command name 'getText'
[38;5;90m[4eadd68d][0m[38;5;-83m[AndroidUiautomator2Driver@003a][0m Proxying [GET /session/4eadd68d-6807-478d-87fb-3a4fd185ba71/element/00000000-0000-0426-ffff-ffff00000021/text] to [GET http://127.0.0.1:8201/session/535fcc72-431f-473c-b30f-b65f257a273d/element/00000000-0000-0426-ffff-ffff00000021/text] with no body
[38;5;90m[4eadd68d][0m[38;5;-83m[AndroidUiautomator2Driver@003a][0m Got response with status 200: {"sessionId":"535fcc72-431f-473c-b30f-b65f257a273d","value":"Support"}
[38;5;90m[4eadd68d][0m[38;5;-83m[AndroidUiautomator2Driver@003a][0m Replacing sessionId 535fcc72-431f-473c-b30f-b65f257a273d with 4eadd68d-6807-478d-87fb-3a4fd185ba71
[38;5;90m[4eadd68d][0m[38;5;86m[HTTP][0m [37m<-- GET /session/4eadd68d-6807-478d-87fb-3a4fd185ba71/element/00000000-0000-0426-ffff-ffff00000021/text [39m[32m200[39m [90m12 ms - 70[39m [90m[39m
[38;5;90m[4eadd68d][0m[38;5;86m[HTTP][0m [37m-->[39m [37mPOST[39m [37m/session/4eadd68d-6807-478d-87fb-3a4fd185ba71/element[39m [90m{"using":"xpath","value":"//android.widget.TextView[@text=\"Login\"]"}[39m
[38;5;90m[4eadd68d][0m[38;5;-83m[AndroidUiautomator2Driver@003a][0m Calling AppiumDriver.findElement() with args: ["xpath","//android.widget.TextView[@text=\"Login\"]","4eadd68d-6807-478d-87fb-3a4fd185ba71"]
[38;5;90m[4eadd68d][0m[38;5;-83m[AndroidUiautomator2Driver@003a][0m Valid locator strategies for this request: xpath, id, class name, accessibility id, css selector, -android uiautomator
[38;5;90m[4eadd68d][0m[38;5;-83m[AndroidUiautomator2Driver@003a][0m Waiting up to 0 ms for condition
[38;5;90m[4eadd68d][0m[38;5;-83m[AndroidUiautomator2Driver@003a][0m Matched '/element' to command name 'findElement'
[38;5;90m[4eadd68d][0m[38;5;-83m[AndroidUiautomator2Driver@003a][0m Proxying [POST /element] to [POST http://127.0.0.1:8201/session/535fcc72-431f-473c-b30f-b65f257a273d/element] with body: {"strategy":"xpath","selector":"//android.widget.TextView[@text=\"Login\"]","context":"","multiple":false}
[38;5;90m[4eadd68d][0m[38;5;-83m[AndroidUiautomator2Driver@003a][0m Got response with status 200: {"sessionId":"535fcc72-431f-473c-b30f-b65f257a273d","value":{"ELEMENT":"00000000-0000-0426-ffff-ffff00000033","element-6066-11e4-a52e-4f735466cecf":"00000000-0000-0426-ffff-ffff00000033"}}
[38;5;90m[4eadd68d][0m[38;5;-83m[AndroidUiautomator2Driver@003a][0m Responding to client with driver.findElement() result: {"element-6066-11e4-a52e-4f735466cecf":"00000000-0000-0426-ffff-ffff00000033","ELEMENT":"00000000-0000-0426-ffff-ffff00000033"}
[38;5;90m[4eadd68d][0m[38;5;86m[HTTP][0m [37m<-- POST /session/4eadd68d-6807-478d-87fb-3a4fd185ba71/element [39m[32m200[39m [90m68 ms - 137[39m [90m[39m
[38;5;90m[4eadd68d][0m[38;5;86m[HTTP][0m [37m-->[39m [37mGET[39m [37m/session/4eadd68d-6807-478d-87fb-3a4fd185ba71/element/00000000-0000-0426-ffff-ffff00000033/displayed[39m [90m{}[39m
[38;5;90m[4eadd68d][0m[38;5;-83m[AndroidUiautomator2Driver@003a][0m Calling AppiumDriver.elementDisplayed() with args: ["00000000-0000-0426-ffff-ffff00000033","4eadd68d-6807-478d-87fb-3a4fd185ba71"]
[38;5;90m[4eadd68d][0m[38;5;-83m[AndroidUiautomator2Driver@003a][0m Matched '/element/00000000-0000-0426-ffff-ffff00000033/attribute/displayed' to command name 'getAttribute'
[38;5;90m[4eadd68d][0m[38;5;-83m[AndroidUiautomator2Driver@003a][0m Proxying [GET /element/00000000-0000-0426-ffff-ffff00000033/attribute/displayed] to [GET http://127.0.0.1:8201/session/535fcc72-431f-473c-b30f-b65f257a273d/element/00000000-0000-0426-ffff-ffff00000033/attribute/displayed] with no body
[38;5;90m[4eadd68d][0m[38;5;-83m[AndroidUiautomator2Driver@003a][0m Got response with status 200: {"sessionId":"535fcc72-431f-473c-b30f-b65f257a273d","value":"true"}
[38;5;90m[4eadd68d][0m[38;5;-83m[AndroidUiautomator2Driver@003a][0m Responding to client with driver.elementDisplayed() result: true
[38;5;90m[4eadd68d][0m[38;5;86m[HTTP][0m [37m<-- GET /session/4eadd68d-6807-478d-87fb-3a4fd185ba71/element/00000000-0000-0426-ffff-ffff00000033/displayed [39m[32m200[39m [90m11 ms - 14[39m [90m[39m
[38;5;90m[4eadd68d][0m[38;5;86m[HTTP][0m [37m-->[39m [37mPOST[39m [37m/session/4eadd68d-6807-478d-87fb-3a4fd185ba71/element/00000000-0000-0426-ffff-ffff00000033/click[39m [90m{}[39m
[38;5;90m[4eadd68d][0m[38;5;-83m[AndroidUiautomator2Driver@003a][0m Calling AppiumDriver.click() with args: ["00000000-0000-0426-ffff-ffff00000033","4eadd68d-6807-478d-87fb-3a4fd185ba71"]
[38;5;90m[4eadd68d][0m[38;5;-83m[AndroidUiautomator2Driver@003a][0m Matched '/element/00000000-0000-0426-ffff-ffff00000033/click' to command name 'click'
[38;5;90m[4eadd68d][0m[38;5;-83m[AndroidUiautomator2Driver@003a][0m Proxying [POST /element/00000000-0000-0426-ffff-ffff00000033/click] to [POST http://127.0.0.1:8201/session/535fcc72-431f-473c-b30f-b65f257a273d/element/00000000-0000-0426-ffff-ffff00000033/click] with body: {"element":"00000000-0000-0426-ffff-ffff00000033"}
[38;5;90m[4eadd68d][0m[38;5;-83m[AndroidUiautomator2Driver@003a][0m Got response with status 200: {"sessionId":"535fcc72-431f-473c-b30f-b65f257a273d","value":null}
[38;5;90m[4eadd68d][0m[38;5;-83m[AndroidUiautomator2Driver@003a][0m Responding to client with driver.click() result: null
[38;5;90m[4eadd68d][0m[38;5;86m[HTTP][0m [37m<-- POST /session/4eadd68d-6807-478d-87fb-3a4fd185ba71/element/00000000-0000-0426-ffff-ffff00000033/click [39m[32m200[39m [90m79 ms - 14[39m [90m[39m
[38;5;90m[4eadd68d][0m[38;5;86m[HTTP][0m [37m-->[39m [37mPOST[39m [37m/session/4eadd68d-6807-478d-87fb-3a4fd185ba71/element[39m [90m{"using":"xpath","value":"//android.widget.TextView[@text=\"Home\"]"}[39m
[38;5;90m[4eadd68d][0m[38;5;-83m[AndroidUiautomator2Driver@003a][0m Calling AppiumDriver.findElement() with args: ["xpath","//android.widget.TextView[@text=\"Home\"]","4eadd68d-6807-478d-87fb-3a4fd185ba71"]
[38;5;90m[4eadd68d][0m[38;5;-83m[AndroidUiautomator2Driver@003a][0m Valid locator strategies for this request: xpath, id, class name, accessibility id, css selector, -android uiautomator
[38;5;90m[4eadd68d][0m[38;5;-83m[AndroidUiautomator2Driver@003a][0m Waiting up to 0 ms for condition
[38;5;90m[4eadd68d][0m[38;5;-83m[AndroidUiautomator2Driver@003a][0m Matched '/element' to command name 'findElement'
[38;5;90m[4eadd68d][0m[38;5;-83m[AndroidUiautomator2Driver@003a][0m Proxying [POST /element] to [POST http://127.0.0.1:8201/session/535fcc72-431f-473c-b30f-b65f257a273d/element] with body: {"strategy":"xpath","selector":"//android.widget.TextView[@text=\"Home\"]","context":"","multiple":false}
[38;5;90m[4eadd68d][0m[38;5;-83m[AndroidUiautomator2Driver@003a][0m Got response with status 200: {"sessionId":"535fcc72-431f-473c-b30f-b65f257a273d","value":{"ELEMENT":"00000000-0000-0426-ffff-ffff00000029","element-6066-11e4-a52e-4f735466cecf":"00000000-0000-0426-ffff-ffff00000029"}}
[38;5;90m[4eadd68d][0m[38;5;-83m[AndroidUiautomator2Driver@003a][0m Responding to client with driver.findElement() result: {"element-6066-11e4-a52e-4f735466cecf":"00000000-0000-0426-ffff-ffff00000029","ELEMENT":"00000000-0000-0426-ffff-ffff00000029"}
[38;5;90m[4eadd68d][0m[38;5;86m[HTTP][0m [37m<-- POST /session/4eadd68d-6807-478d-87fb-3a4fd185ba71/element [39m[32m200[39m [90m144 ms - 137[39m [90m[39m
[38;5;90m[4eadd68d][0m[38;5;86m[HTTP][0m [37m-->[39m [37mGET[39m [37m/session/4eadd68d-6807-478d-87fb-3a4fd185ba71/element/00000000-0000-0426-ffff-ffff00000029/displayed[39m [90m{}[39m
[38;5;90m[4eadd68d][0m[38;5;-83m[AndroidUiautomator2Driver@003a][0m Calling AppiumDriver.elementDisplayed() with args: ["00000000-0000-0426-ffff-ffff00000029","4eadd68d-6807-478d-87fb-3a4fd185ba71"]
[38;5;90m[4eadd68d][0m[38;5;-83m[AndroidUiautomator2Driver@003a][0m Matched '/element/00000000-0000-0426-ffff-ffff00000029/attribute/displayed' to command name 'getAttribute'
[38;5;90m[4eadd68d][0m[38;5;-83m[AndroidUiautomator2Driver@003a][0m Proxying [GET /element/00000000-0000-0426-ffff-ffff00000029/attribute/displayed] to [GET http://127.0.0.1:8201/session/535fcc72-431f-473c-b30f-b65f257a273d/element/00000000-0000-0426-ffff-ffff00000029/attribute/displayed] with no body
[38;5;90m[4eadd68d][0m[38;5;-83m[AndroidUiautomator2Driver@003a][0m Got response with status 200: {"sessionId":"535fcc72-431f-473c-b30f-b65f257a273d","value":"true"}
[38;5;90m[4eadd68d][0m[38;5;-83m[AndroidUiautomator2Driver@003a][0m Responding to client with driver.elementDisplayed() result: true
[38;5;90m[4eadd68d][0m[38;5;86m[HTTP][0m [37m<-- GET /session/4eadd68d-6807-478d-87fb-3a4fd185ba71/element/00000000-0000-0426-ffff-ffff00000029/displayed [39m[32m200[39m [90m526 ms - 14[39m [90m[39m
[38;5;90m[4eadd68d][0m[38;5;86m[HTTP][0m [37m-->[39m [37mPOST[39m [37m/session/4eadd68d-6807-478d-87fb-3a4fd185ba71/element/00000000-0000-0426-ffff-ffff00000029/click[39m [90m{}[39m
[38;5;90m[4eadd68d][0m[38;5;-83m[AndroidUiautomator2Driver@003a][0m Calling AppiumDriver.click() with args: ["00000000-0000-0426-ffff-ffff00000029","4eadd68d-6807-478d-87fb-3a4fd185ba71"]
[38;5;90m[4eadd68d][0m[38;5;-83m[AndroidUiautomator2Driver@003a][0m Matched '/element/00000000-0000-0426-ffff-ffff00000029/click' to command name 'click'
[38;5;90m[4eadd68d][0m[38;5;-83m[AndroidUiautomator2Driver@003a][0m Proxying [POST /element/00000000-0000-0426-ffff-ffff00000029/click] to [POST http://127.0.0.1:8201/session/535fcc72-431f-473c-b30f-b65f257a273d/element/00000000-0000-0426-ffff-ffff00000029/click] with body: {"element":"00000000-0000-0426-ffff-ffff00000029"}
[38;5;90m[4eadd68d][0m[38;5;-83m[AndroidUiautomator2Driver@003a][0m Got response with status 200: {"sessionId":"535fcc72-431f-473c-b30f-b65f257a273d","value":null}
[38;5;90m[4eadd68d][0m[38;5;-83m[AndroidUiautomator2Driver@003a][0m Responding to client with driver.click() result: null
[38;5;90m[4eadd68d][0m[38;5;86m[HTTP][0m [37m<-- POST /session/4eadd68d-6807-478d-87fb-3a4fd185ba71/element/00000000-0000-0426-ffff-ffff00000029/click [39m[32m200[39m [90m78 ms - 14[39m [90m[39m
[38;5;90m[4eadd68d][0m[38;5;86m[HTTP][0m [37m-->[39m [37mDELETE[39m [37m/session/4eadd68d-6807-478d-87fb-3a4fd185ba71[39m [90m{}[39m
[38;5;90m[4eadd68d][0m[38;5;-83m[AndroidUiautomator2Driver@003a][0m Calling AppiumDriver.deleteSession() with args: ["4eadd68d-6807-478d-87fb-3a4fd185ba71"]
[38;5;90m[4eadd68d][0m[38;5;53m[AppiumDriver@4412][0m Event 'quitSessionRequested' logged at 1764721951627 (21:32:31 GMT-0300 (Horário Padrão de Brasília))
[38;5;90m[4eadd68d][0m[38;5;53m[AppiumDriver@4412][0m Removing session 4eadd68d-6807-478d-87fb-3a4fd185ba71 from our master session list
[38;5;90m[4eadd68d][0m[38;5;-83m[AndroidUiautomator2Driver@003a][0m Deleting UiAutomator2 session
[38;5;90m[4eadd68d][0m[38;5;-83m[AndroidUiautomator2Driver@003a][0m Deleting UiAutomator2 server session
[38;5;90m[4eadd68d][0m[38;5;-83m[AndroidUiautomator2Driver@003a][0m Proxying [DELETE /] to [DELETE http://127.0.0.1:8201/session/535fcc72-431f-473c-b30f-b65f257a273d] with no body
[38;5;90m[4eadd68d][0m[38;5;-83m[AndroidUiautomator2Driver@003a][0m Got response with status 200: {"sessionId":"535fcc72-431f-473c-b30f-b65f257a273d","value":null}
[38;5;90m[4eadd68d][0m[38;5;229m[ADB][0m Getting IDs of all 'io.appium.uiautomator2.server' processes
[38;5;90m[4eadd68d][0m[38;5;229m[ADB][0m Running 'C:\Users\sddam\AppData\Local\Android\Sdk\platform-tools\adb.exe -P 5037 -s emulator-5554 shell 'pgrep --help; echo $?''
[38;5;90m[4eadd68d][0m[38;5;-83m[AndroidUiautomator2Driver@003a][0m [Instrumentation] io.appium.uiautomator2.server.test.AppiumUiAutomator2Server:.
[38;5;90m[4eadd68d][0m[38;5;-83m[AndroidUiautomator2Driver@003a][0m [Instrumentation] 
[38;5;90m[4eadd68d][0m[38;5;-83m[AndroidUiautomator2Driver@003a][0m [Instrumentation] Time: 5.769
[38;5;90m[4eadd68d][0m[38;5;-83m[AndroidUiautomator2Driver@003a][0m [Instrumentation] 
[38;5;90m[4eadd68d][0m[38;5;-83m[AndroidUiautomator2Driver@003a][0m [Instrumentation] OK (1 test)
[38;5;90m[4eadd68d][0m[38;5;-83m[AndroidUiautomator2Driver@003a][0m [Instrumentation] 
[38;5;90m[4eadd68d][0m[38;5;-83m[AndroidUiautomator2Driver@003a][0m [Instrumentation] 
[38;5;90m[4eadd68d][0m[38;5;229m[ADB][0m Running 'C:\Users\sddam\AppData\Local\Android\Sdk\platform-tools\adb.exe -P 5037 -s emulator-5554 shell pgrep -f \(\[\[:blank:\]\]\|\^\)io\.appium\.uiautomator2\.server\(:\[a-zA-Z0-9_-\]\+\)\?\(\[\[:blank:\]\]\|\$\)'
[38;5;90m[4eadd68d][0m[38;5;-83m[AndroidUiautomator2Driver@003a][0m [Instrumentation] The process has exited with code 0, signal null
[38;5;90m[4eadd68d][0m[38;5;229m[ADB][0m Running 'C:\Users\sddam\AppData\Local\Android\Sdk\platform-tools\adb.exe -P 5037 -s emulator-5554 shell am force-stop io.appium.uiautomator2.server'
[38;5;90m[4eadd68d][0m[38;5;229m[ADB][0m Running 'C:\Users\sddam\AppData\Local\Android\Sdk\platform-tools\adb.exe -P 5037 -s emulator-5554 shell am force-stop io.appium.uiautomator2.server.test'
[38;5;90m[4eadd68d][0m[38;5;229m[ADB][0m Running 'C:\Users\sddam\AppData\Local\Android\Sdk\platform-tools\adb.exe -P 5037 -s emulator-5554 shell dumpsys activity services io.appium.settings/.recorder.RecorderService'
[38;5;90m[4eadd68d][0m[38;5;229m[ADB][0m Running 'C:\Users\sddam\AppData\Local\Android\Sdk\platform-tools\adb.exe -P 5037 -s emulator-5554 shell am force-stop com.wdiodemoapp'
[38;5;90m[4eadd68d][0m[38;5;229m[ADB][0m Removing forwarded port socket connection: 8201 
[38;5;90m[4eadd68d][0m[38;5;229m[ADB][0m Running 'C:\Users\sddam\AppData\Local\Android\Sdk\platform-tools\adb.exe -P 5037 -s emulator-5554 forward --remove tcp:8201'
[38;5;90m[4eadd68d][0m[38;5;-83m[AndroidUiautomator2Driver@003a][0m Restoring hidden api policy to the device default configuration
[38;5;90m[4eadd68d][0m[38;5;229m[ADB][0m Running 'C:\Users\sddam\AppData\Local\Android\Sdk\platform-tools\adb.exe -P 5037 -s emulator-5554 shell 'settings delete global hidden_api_policy_pre_p_apps;settings delete global hidden_api_policy_p_apps;settings delete global hidden_api_policy''
[38;5;90m[4eadd68d][0m[38;5;160m[Logcat][0m Stopping logcat capture
[38;5;90m[4eadd68d][0m[38;5;53m[AppiumDriver@4412][0m Event 'quitSessionFinished' logged at 1764721952118 (21:32:32 GMT-0300 (Horário Padrão de Brasília))
[38;5;90m[4eadd68d][0m[38;5;53m[AppiumDriver@4412][0m Received response: null
[38;5;90m[4eadd68d][0m[38;5;53m[AppiumDriver@4412][0m But deleting session, so not returning
[38;5;90m[4eadd68d][0m[38;5;53m[AppiumDriver@4412][0m Responding to client with driver.deleteSession() result: null
[38;5;90m[4eadd68d][0m[38;5;86m[HTTP][0m [37m<-- DELETE /session/4eadd68d-6807-478d-87fb-3a4fd185ba71 [39m[32m200[39m [90m492 ms - 14[39m [90m[39m
[38;5;86m[HTTP][0m [37m-->[39m [37mPOST[39m [37m/session[39m [90m{"capabilities":{"alwaysMatch":{"appium:platformName":"Android","appium:platformVersion":"16.0","appium:deviceName":"Pixel 6","appium:automationName":"UIAutomator2","appium:app":"C:\\Users\\sddam\\OneDrive\\Documentos\\automacao\\projeto-apresentacao\\automacao-webdriverIO\\app\\android\\android.wdio.native.app.v1.0.8.apk"},"firstMatch":[{}]}}[39m
[38;5;53m[AppiumDriver@4412][0m Calling AppiumDriver.createSession() with args: [null,null,{"alwaysMatch":{"appium:platformName":"Android","appium:platformVersion":"16.0","appium:deviceName":"Pixel 6","appium:automationName":"UIAutomator2","appium:app":"C:\\Users\\sddam\\OneDrive\\Documentos\\automacao\\projeto-apresentacao\\automacao-webdriverIO\\app\\android\\android.wdio.native.app.v1.0.8.apk"},"firstMatch":[{}]}]
[38;5;53m[AppiumDriver@4412][0m Event 'newSessionRequested' logged at 1764721954443 (21:32:34 GMT-0300 (Horário Padrão de Brasília))
[38;5;123m[BaseDriver][0m The capabilities ["platformName"] are standard capabilities and do not require "appium:" prefix
[38;5;112m[Appium][0m Attempting to find matching driver for automationName 'UIAutomator2' and platformName 'Android'
[38;5;112m[Appium][0m The 'uiautomator2' driver was installed and matched caps.
[38;5;112m[Appium][0m Will require it at C:\Users\sddam\OneDrive\Documentos\automacao\projeto-apresentacao\automacao-webdriverIO\node_modules\appium-uiautomator2-driver
[38;5;112m[Appium][0m Requiring driver at C:\Users\sddam\OneDrive\Documentos\automacao\projeto-apresentacao\automacao-webdriverIO\node_modules\appium-uiautomator2-driver\build\index.js
[38;5;53m[AppiumDriver@4412][0m Appium v2.19.0 creating new AndroidUiautomator2Driver (v4.2.9) session
[38;5;53m[AppiumDriver@4412][0m Checking BaseDriver versions for Appium and AndroidUiautomator2Driver
[38;5;53m[AppiumDriver@4412][0m Appium's BaseDriver version is 9.18.0
[38;5;53m[AppiumDriver@4412][0m AndroidUiautomator2Driver's BaseDriver version is 9.18.0
[38;5;-177m[AndroidUiautomator2Driver@fd7c][0m 
[38;5;-177m[AndroidUiautomator2Driver@fd7c][0m Creating session with W3C capabilities: {
  "alwaysMatch": {
    "platformName": "Android",
    "appium:platformVersion": "16.0",
    "appium:deviceName": "Pixel 6",
    "appium:automationName": "UIAutomator2",
    "appium:app": "C:\\Users\\sddam\\OneDrive\\Documentos\\automacao\\projeto-apresentacao\\automacao-webdriverIO\\app\\android\\android.wdio.native.app.v1.0.8.apk"
  },
  "firstMatch": [
    {}
  ]
}
[38;5;117m[4cb8036e][0m[38;5;-177m[AndroidUiautomator2Driver@fd7c][0m Session created with session id: 4cb8036e-b650-48fd-b265-b63caac6b6d3
[38;5;117m[4cb8036e][0m[38;5;229m[ADB][0m Using 'adb.exe' from 'C:\Users\sddam\AppData\Local\Android\Sdk\platform-tools\adb.exe'
[38;5;117m[4cb8036e][0m[38;5;229m[ADB][0m Running 'C:\Users\sddam\AppData\Local\Android\Sdk\platform-tools\adb.exe -P 5037 start-server'
[38;5;117m[4cb8036e][0m[38;5;-177m[AndroidUiautomator2Driver@fd7c][0m Retrieving device list
[38;5;117m[4cb8036e][0m[38;5;229m[ADB][0m Trying to find connected Android devices
[38;5;117m[4cb8036e][0m[38;5;229m[ADB][0m Getting connected devices
[38;5;117m[4cb8036e][0m[38;5;229m[ADB][0m Connected devices: [{"udid":"emulator-5554","state":"device"}]
[38;5;117m[4cb8036e][0m[38;5;-177m[AndroidUiautomator2Driver@fd7c][0m Looking for a device with Android '16.0.0'
[38;5;117m[4cb8036e][0m[38;5;229m[ADB][0m Setting device id to emulator-5554
[38;5;117m[4cb8036e][0m[38;5;229m[ADB][0m Getting device platform version
[38;5;117m[4cb8036e][0m[38;5;229m[ADB][0m Running 'C:\Users\sddam\AppData\Local\Android\Sdk\platform-tools\adb.exe -P 5037 -s emulator-5554 shell getprop ro.build.version.release'
[38;5;117m[4cb8036e][0m[38;5;229m[ADB][0m Current device property 'ro.build.version.release': 16
[38;5;117m[4cb8036e][0m[38;5;-177m[AndroidUiautomator2Driver@fd7c][0m Using device: emulator-5554
[38;5;117m[4cb8036e][0m[38;5;229m[ADB][0m Using 'adb.exe' from 'C:\Users\sddam\AppData\Local\Android\Sdk\platform-tools\adb.exe'
[38;5;117m[4cb8036e][0m[38;5;229m[ADB][0m Running 'C:\Users\sddam\AppData\Local\Android\Sdk\platform-tools\adb.exe -P 5037 start-server'
[38;5;117m[4cb8036e][0m[38;5;229m[ADB][0m Setting device id to emulator-5554
[38;5;117m[4cb8036e][0m[38;5;123m[BaseDriver][0m Using local app 'C:\Users\sddam\OneDrive\Documentos\automacao\projeto-apresentacao\automacao-webdriverIO\app\android\android.wdio.native.app.v1.0.8.apk'
[38;5;117m[4cb8036e][0m[38;5;-177m[AndroidUiautomator2Driver@fd7c][0m Checking whether app is actually present
[38;5;117m[4cb8036e][0m[38;5;229m[ADB][0m Running 'C:\Users\sddam\AppData\Local\Android\Sdk\platform-tools\adb.exe -P 5037 -s emulator-5554 shell getprop ro.build.version.sdk'
[38;5;117m[4cb8036e][0m[38;5;229m[ADB][0m Current device property 'ro.build.version.sdk': 36
[38;5;117m[4cb8036e][0m[38;5;229m[ADB][0m Getting device platform version
[38;5;117m[4cb8036e][0m[38;5;229m[ADB][0m Running 'C:\Users\sddam\AppData\Local\Android\Sdk\platform-tools\adb.exe -P 5037 -s emulator-5554 shell getprop ro.build.version.release'
[38;5;117m[4cb8036e][0m[38;5;229m[ADB][0m Current device property 'ro.build.version.release': 16
[38;5;117m[4cb8036e][0m[38;5;229m[ADB][0m Device API level: 36
[38;5;117m[4cb8036e][0m[38;5;-177m[AndroidUiautomator2Driver@fd7c][0m Relaxing hidden api policy
[38;5;117m[4cb8036e][0m[38;5;229m[ADB][0m Running 'C:\Users\sddam\AppData\Local\Android\Sdk\platform-tools\adb.exe -P 5037 -s emulator-5554 shell 'settings put global hidden_api_policy_pre_p_apps 1;settings put global hidden_api_policy_p_apps 1;settings put global hidden_api_policy 1''
[38;5;117m[4cb8036e][0m[38;5;-177m[AndroidUiautomator2Driver@fd7c][0m Parsing package and activity from the 'android.wdio.native.app.v1.0.8.apk' file manifest
[38;5;117m[4cb8036e][0m[38;5;229m[ADB][0m Running 'C:\Users\sddam\AppData\Local\Android\Sdk\platform-tools\adb.exe -P 5037 -s emulator-5554 wait-for-device'
[38;5;117m[4cb8036e][0m[38;5;229m[ADB][0m Using 'aapt2.exe' from 'C:\Users\sddam\AppData\Local\Android\Sdk\build-tools\36.0.0\aapt2.exe'
[38;5;117m[4cb8036e][0m[38;5;229m[ADB][0m Reading package manifest: 'C:\\Users\\sddam\\AppData\\Local\\Android\\Sdk\\build-tools\\36.0.0\\aapt2.exe dump badging C:\\Users\\sddam\\OneDrive\\Documentos\\automacao\\projeto-apresentacao\\automacao-webdriverIO\\app\\android\\android.wdio.native.app.v1.0.8.apk'
[38;5;117m[4cb8036e][0m[38;5;229m[ADB][0m Running 'C:\Users\sddam\AppData\Local\Android\Sdk\platform-tools\adb.exe -P 5037 -s emulator-5554 shell echo ping'
[38;5;117m[4cb8036e][0m[38;5;-177m[AndroidUiautomator2Driver@fd7c][0m Pushing settings apk to the device...
[38;5;117m[4cb8036e][0m[38;5;229m[ADB][0m Getting package info for 'io.appium.settings'
[38;5;117m[4cb8036e][0m[38;5;229m[ADB][0m Running 'C:\Users\sddam\AppData\Local\Android\Sdk\platform-tools\adb.exe -P 5037 -s emulator-5554 shell dumpsys package io.appium.settings'
[38;5;117m[4cb8036e][0m[38;5;229m[ADB][0m Reading package manifest: 'C:\\Users\\sddam\\AppData\\Local\\Android\\Sdk\\build-tools\\36.0.0\\aapt2.exe dump badging C:\\Users\\sddam\\OneDrive\\Documentos\\automacao\\projeto-apresentacao\\automacao-webdriverIO\\node_modules\\appium-uiautomator2-driver\\node_modules\\io.appium.settings\\apks\\settings_apk-debug.apk'
[38;5;117m[4cb8036e][0m[38;5;229m[ADB][0m Package name: 'com.wdiodemoapp'
[38;5;117m[4cb8036e][0m[38;5;229m[ADB][0m Main activity name: 'com.wdiodemoapp.MainActivity'
[38;5;117m[4cb8036e][0m[38;5;-177m[AndroidUiautomator2Driver@fd7c][0m Resolved launch package -> activity: com.wdiodemoapp -> com.wdiodemoapp.MainActivity
[38;5;117m[4cb8036e][0m[38;5;-177m[AndroidUiautomator2Driver@fd7c][0m Resolved wait package -> activity: com.wdiodemoapp -> com.wdiodemoapp.MainActivity
[38;5;117m[4cb8036e][0m[38;5;229m[ADB][0m The version code of the installed 'io.appium.settings' is greater than the application version code (142 > 131)
[38;5;117m[4cb8036e][0m[38;5;229m[ADB][0m There is no need to downgrade 'io.appium.settings'
[38;5;117m[4cb8036e][0m[38;5;229m[ADB][0m Running 'C:\Users\sddam\AppData\Local\Android\Sdk\platform-tools\adb.exe -P 5037 -s emulator-5554 shell dumpsys activity services io.appium.settings'
[38;5;117m[4cb8036e][0m[38;5;-177m[AndroidUiautomator2Driver@fd7c][0m io.appium.settings is already running. There is no need to reset its permissions.
[38;5;117m[4cb8036e][0m[38;5;160m[Logcat][0m Starting logs capture with command: C:\\Users\\sddam\\AppData\\Local\\Android\\Sdk\\platform-tools\\adb.exe -P 5037 -s emulator-5554 logcat -v threadtime
[38;5;117m[4cb8036e][0m[38;5;-177m[AndroidUiautomator2Driver@fd7c][0m Forwarding UiAutomator2 Server port 6790 to local port 8201
[38;5;117m[4cb8036e][0m[38;5;229m[ADB][0m Forwarding system: 8201 to device: 6790
[38;5;117m[4cb8036e][0m[38;5;229m[ADB][0m Running 'C:\Users\sddam\AppData\Local\Android\Sdk\platform-tools\adb.exe -P 5037 -s emulator-5554 forward tcp:8201 tcp:6790'
[38;5;117m[4cb8036e][0m[38;5;-177m[AndroidUiautomator2Driver@fd7c][0m UIA2Proxy options: {"server":"127.0.0.1","port":8201,"keepAlive":true,"scheme":"http","base":"","reqBasePath":"","sessionId":null,"timeout":240000}
[38;5;117m[4cb8036e][0m[38;5;229m[ADB][0m Getting package info for 'io.appium.uiautomator2.server'
[38;5;117m[4cb8036e][0m[38;5;229m[ADB][0m Running 'C:\Users\sddam\AppData\Local\Android\Sdk\platform-tools\adb.exe -P 5037 -s emulator-5554 shell dumpsys package io.appium.uiautomator2.server'
[38;5;117m[4cb8036e][0m[38;5;229m[ADB][0m Getting install status for io.appium.uiautomator2.server.test
[38;5;117m[4cb8036e][0m[38;5;229m[ADB][0m Checking app cert for C:\Users\sddam\OneDrive\Documentos\automacao\projeto-apresentacao\automacao-webdriverIO\app\android\android.wdio.native.app.v1.0.8.apk
[38;5;117m[4cb8036e][0m[38;5;229m[ADB][0m Running 'C:\Users\sddam\AppData\Local\Android\Sdk\platform-tools\adb.exe -P 5037 -s emulator-5554 shell cmd package list packages'
[38;5;117m[4cb8036e][0m[38;5;229m[ADB][0m 'io.appium.uiautomator2.server.test' is installed
[38;5;117m[4cb8036e][0m[38;5;229m[ADB][0m Reading package manifest: 'C:\\Users\\sddam\\AppData\\Local\\Android\\Sdk\\build-tools\\36.0.0\\aapt2.exe dump badging C:\\Users\\sddam\\OneDrive\\Documentos\\automacao\\projeto-apresentacao\\automacao-webdriverIO\\node_modules\\appium-uiautomator2-driver\\node_modules\\appium-uiautomator2-server\\apks\\appium-uiautomator2-server-v7.7.1.apk'
[38;5;117m[4cb8036e][0m[38;5;229m[ADB][0m The version name of the installed 'io.appium.uiautomator2.server' is greater or equal to the application version name ('7.7.1' >= '7.7.1')
[38;5;117m[4cb8036e][0m[38;5;-177m[AndroidUiautomator2Driver@fd7c][0m Server packages status: [{"installState":"sameVersionInstalled","appPath":"C:\\Users\\sddam\\OneDrive\\Documentos\\automacao\\projeto-apresentacao\\automacao-webdriverIO\\node_modules\\appium-uiautomator2-driver\\node_modules\\appium-uiautomator2-server\\apks\\appium-uiautomator2-server-v7.7.1.apk","appId":"io.appium.uiautomator2.server"},{"installState":"sameVersionInstalled","appPath":"C:\\Users\\sddam\\OneDrive\\Documentos\\automacao\\projeto-apresentacao\\automacao-webdriverIO\\node_modules\\appium-uiautomator2-driver\\node_modules\\appium-uiautomator2-server\\apks\\appium-uiautomator2-server-debug-androidTest.apk","appId":"io.appium.uiautomator2.server.test"}]
[38;5;117m[4cb8036e][0m[38;5;-177m[AndroidUiautomator2Driver@fd7c][0m Server packages are not going to be (re)installed
[38;5;117m[4cb8036e][0m[38;5;-177m[AndroidUiautomator2Driver@fd7c][0m Waiting up to 30000ms for services to be available
[38;5;117m[4cb8036e][0m[38;5;229m[ADB][0m Running 'C:\Users\sddam\AppData\Local\Android\Sdk\platform-tools\adb.exe -P 5037 -s emulator-5554 shell pm list instrumentation'
[38;5;117m[4cb8036e][0m[38;5;229m[ADB][0m Using the previously cached signature entry for 'android.wdio.native.app.v1.0.8.apk'
[38;5;117m[4cb8036e][0m[38;5;229m[ADB][0m Getting package info for 'com.wdiodemoapp'
[38;5;117m[4cb8036e][0m[38;5;229m[ADB][0m Running 'C:\Users\sddam\AppData\Local\Android\Sdk\platform-tools\adb.exe -P 5037 -s emulator-5554 shell dumpsys package com.wdiodemoapp'
[38;5;117m[4cb8036e][0m[38;5;-177m[AndroidUiautomator2Driver@fd7c][0m Instrumentation target 'io.appium.uiautomator2.server.test/androidx.test.runner.AndroidJUnitRunner' is available
[38;5;117m[4cb8036e][0m[38;5;229m[ADB][0m Adding packages ["io.appium.settings","io.appium.uiautomator2.server","io.appium.uiautomator2.server.test"] to Doze whitelist
[38;5;117m[4cb8036e][0m[38;5;229m[ADB][0m Got the following command chunks to execute: [["dumpsys","deviceidle","whitelist","+io.appium.settings",";","dumpsys","deviceidle","whitelist","+io.appium.uiautomator2.server",";","dumpsys","deviceidle","whitelist","+io.appium.uiautomator2.server.test",";"]]
[38;5;117m[4cb8036e][0m[38;5;229m[ADB][0m Running 'C:\Users\sddam\AppData\Local\Android\Sdk\platform-tools\adb.exe -P 5037 -s emulator-5554 shell dumpsys deviceidle whitelist +io.appium.settings ; dumpsys deviceidle whitelist +io.appium.uiautomator2.server ; dumpsys deviceidle whitelist +io.appium.uiautomator2.server.test ;'
[38;5;117m[4cb8036e][0m[38;5;229m[ADB][0m Reading package manifest: 'C:\\Users\\sddam\\AppData\\Local\\Android\\Sdk\\build-tools\\36.0.0\\aapt2.exe dump badging C:\\Users\\sddam\\OneDrive\\Documentos\\automacao\\projeto-apresentacao\\automacao-webdriverIO\\app\\android\\android.wdio.native.app.v1.0.8.apk'
[38;5;117m[4cb8036e][0m[38;5;229m[ADB][0m The version name of the installed 'com.wdiodemoapp' is greater or equal to the application version name ('1.0.8' >= '1.0.8')
[38;5;117m[4cb8036e][0m[38;5;229m[ADB][0m There is no need to install/upgrade 'C:\Users\sddam\OneDrive\Documentos\automacao\projeto-apresentacao\automacao-webdriverIO\app\android\android.wdio.native.app.v1.0.8.apk'
[38;5;117m[4cb8036e][0m[38;5;-177m[AndroidUiautomator2Driver@fd7c][0m Performing fast reset on 'com.wdiodemoapp'
[38;5;117m[4cb8036e][0m[38;5;229m[ADB][0m Getting install status for com.wdiodemoapp
[38;5;117m[4cb8036e][0m[38;5;229m[ADB][0m Running 'C:\Users\sddam\AppData\Local\Android\Sdk\platform-tools\adb.exe -P 5037 -s emulator-5554 shell cmd package list packages'
[38;5;117m[4cb8036e][0m[38;5;229m[ADB][0m 'com.wdiodemoapp' is installed
[38;5;117m[4cb8036e][0m[38;5;229m[ADB][0m Running 'C:\Users\sddam\AppData\Local\Android\Sdk\platform-tools\adb.exe -P 5037 -s emulator-5554 shell am force-stop com.wdiodemoapp'
[38;5;117m[4cb8036e][0m[38;5;229m[ADB][0m Running 'C:\Users\sddam\AppData\Local\Android\Sdk\platform-tools\adb.exe -P 5037 -s emulator-5554 shell pm clear com.wdiodemoapp'
[38;5;117m[4cb8036e][0m[38;5;-177m[AndroidUiautomator2Driver@fd7c][0m Performed fast reset on the installed 'com.wdiodemoapp' application (stop and clear)
[38;5;117m[4cb8036e][0m[38;5;-177m[AndroidUiautomator2Driver@fd7c][0m Performing shallow cleanup of automation leftovers
[38;5;117m[4cb8036e][0m[38;5;-177m[AndroidUiautomator2Driver@fd7c][0m No obsolete sessions have been detected (socket hang up)
[38;5;117m[4cb8036e][0m[38;5;229m[ADB][0m Running 'C:\Users\sddam\AppData\Local\Android\Sdk\platform-tools\adb.exe -P 5037 -s emulator-5554 shell am force-stop io.appium.uiautomator2.server'
[38;5;117m[4cb8036e][0m[38;5;229m[ADB][0m Running 'C:\Users\sddam\AppData\Local\Android\Sdk\platform-tools\adb.exe -P 5037 -s emulator-5554 shell am force-stop io.appium.uiautomator2.server.test'
[38;5;117m[4cb8036e][0m[38;5;-177m[AndroidUiautomator2Driver@fd7c][0m Starting UIAutomator2 server 7.7.1
[38;5;117m[4cb8036e][0m[38;5;-177m[AndroidUiautomator2Driver@fd7c][0m Using UIAutomator2 server from 'C:\Users\sddam\OneDrive\Documentos\automacao\projeto-apresentacao\automacao-webdriverIO\node_modules\appium-uiautomator2-driver\node_modules\appium-uiautomator2-server\apks\appium-uiautomator2-server-v7.7.1.apk' and test from 'C:\Users\sddam\OneDrive\Documentos\automacao\projeto-apresentacao\automacao-webdriverIO\node_modules\appium-uiautomator2-driver\node_modules\appium-uiautomator2-server\apks\appium-uiautomator2-server-debug-androidTest.apk'
[38;5;117m[4cb8036e][0m[38;5;-177m[AndroidUiautomator2Driver@fd7c][0m Waiting up to 30000ms for UiAutomator2 to be online...
[38;5;117m[4cb8036e][0m[38;5;229m[ADB][0m Creating ADB subprocess with args: ["-P","5037","-s","emulator-5554","shell","am","instrument","-w","-e","disableAnalytics","true","io.appium.uiautomator2.server.test/androidx.test.runner.AndroidJUnitRunner"]
[38;5;117m[4cb8036e][0m[38;5;-177m[AndroidUiautomator2Driver@fd7c][0m Matched '/status' to command name 'getStatus'
[38;5;117m[4cb8036e][0m[38;5;-177m[AndroidUiautomator2Driver@fd7c][0m Proxying [GET /status] to [GET http://127.0.0.1:8201/status] with no body
[38;5;117m[4cb8036e][0m[38;5;-177m[AndroidUiautomator2Driver@fd7c][0m socket hang up
[38;5;117m[4cb8036e][0m[38;5;-177m[AndroidUiautomator2Driver@fd7c][0m [Instrumentation] 
[38;5;117m[4cb8036e][0m[38;5;-177m[AndroidUiautomator2Driver@fd7c][0m Matched '/status' to command name 'getStatus'
[38;5;117m[4cb8036e][0m[38;5;-177m[AndroidUiautomator2Driver@fd7c][0m Proxying [GET /status] to [GET http://127.0.0.1:8201/status] with no body
[38;5;117m[4cb8036e][0m[38;5;-177m[AndroidUiautomator2Driver@fd7c][0m socket hang up
[38;5;117m[4cb8036e][0m[38;5;-177m[AndroidUiautomator2Driver@fd7c][0m Matched '/status' to command name 'getStatus'
[38;5;117m[4cb8036e][0m[38;5;-177m[AndroidUiautomator2Driver@fd7c][0m Proxying [GET /status] to [GET http://127.0.0.1:8201/status] with no body
[38;5;117m[4cb8036e][0m[38;5;-177m[AndroidUiautomator2Driver@fd7c][0m Got response with status 200: {"sessionId":"None","value":{"build":{"version":"7.7.1","versionCode":220},"message":"UiAutomator2 Server is ready to accept commands","ready":true}}
[38;5;117m[4cb8036e][0m[38;5;-177m[AndroidUiautomator2Driver@fd7c][0m The initialization of the instrumentation process took 2145ms
[38;5;117m[4cb8036e][0m[38;5;-177m[AndroidUiautomator2Driver@fd7c][0m Matched '/session' to command name 'createSession'
[38;5;117m[4cb8036e][0m[38;5;-177m[AndroidUiautomator2Driver@fd7c][0m Proxying [POST /session] to [POST http://127.0.0.1:8201/session] with body: {"capabilities":{"firstMatch":[{"platformName":"Android","platformVersion":"16.0","deviceName":"emulator-5554","automationName":"UIAutomator2","app":"C:\\Users\\sddam\\OneDrive\\Documentos\\automacao\\projeto-apresentacao\\automacao-webdriverIO\\app\\android\\android.wdio.native.app.v1.0.8.apk","platform":"LINUX","webStorageEnabled":false,"takesScreenshot":true,"javascriptEnabled":true,"databaseEnabled":false,"networkConnectionEnabled":true,"locationContextEnabled":false,"warnings":{},"desired":{"platformName":"Android","platformVersion":"16.0","deviceName":"Pixel 6","automationName":"UIAutomator2","app":"C:\\Users\\sddam\\OneDrive\\Documentos\\automacao\\projeto-apresentacao\\automacao-webdriverIO\\app\\android\\android.wdio.native.app.v1.0.8.apk"},"deviceUDID":"emulator-5554","appPackage":"com.wdiodemoapp","appActivity":"com.wdiodemoapp.MainActivity"}],"alwaysMatch":{}}}
[38;5;117m[4cb8036e][0m[38;5;-177m[AndroidUiautomator2Driver@fd7c][0m Got response with status 200: {"sessionId":"122786cf-8f77-49b9-9c4b-47402609145a","value":{"capabilities":{"firstMatch":[{"platformName":"Android","platformVersion":"16.0","deviceName":"emulator-5554","automationName":"UIAutomator2","app":"C:\\Users\\sddam\\OneDrive\\Documentos\\automacao\\projeto-apresentacao\\automacao-webdriverIO\\app\\android\\android.wdio.native.app.v1.0.8.apk","platform":"LINUX","webStorageEnabled":false,"takesScreenshot":true,"javascriptEnabled":true,"databaseEnabled":false,"networkConnectionEnabled":true,"locationContextEnabled":false,"warnings":{},"desired":{"platformName":"Android","platformVersion":"16.0","deviceName":"Pixel 6","automationName":"UIAutomator2","app":"C:\\Users\\sddam\\OneDrive\\Documentos\\automacao\\projeto-apresentacao\\automacao-webdriverIO\\app\\android\\android.wdio.native.app.v1.0.8.apk"},"deviceUDID":"emulator-5554","appPackage":"com.wdiodemoapp","appActivity":"com.wdiodemoapp.MainActivity"}],"alwaysMatch":{}},"sessionId":"122786cf-8f77-49b9-9c4b-47402609145a"}}
[38;5;117m[4cb8036e][0m[38;5;-177m[AndroidUiautomator2Driver@fd7c][0m Determined the downstream protocol as 'W3C'
[38;5;117m[4cb8036e][0m[38;5;-177m[AndroidUiautomator2Driver@fd7c][0m Proxying [GET /appium/device/pixel_ratio] to [GET http://127.0.0.1:8201/session/122786cf-8f77-49b9-9c4b-47402609145a/appium/device/pixel_ratio] with no body
[38;5;117m[4cb8036e][0m[38;5;-177m[AndroidUiautomator2Driver@fd7c][0m Matched '/appium/device/system_bars' to command name 'getSystemBars'
[38;5;117m[4cb8036e][0m[38;5;-177m[AndroidUiautomator2Driver@fd7c][0m Proxying [GET /appium/device/system_bars] to [GET http://127.0.0.1:8201/session/122786cf-8f77-49b9-9c4b-47402609145a/appium/device/system_bars] with no body
[38;5;117m[4cb8036e][0m[38;5;-177m[AndroidUiautomator2Driver@fd7c][0m Matched '/window/current/size' to command name 'getWindowSize'
[38;5;117m[4cb8036e][0m[38;5;-177m[AndroidUiautomator2Driver@fd7c][0m Proxying [GET /window/current/size] to [GET http://127.0.0.1:8201/session/122786cf-8f77-49b9-9c4b-47402609145a/window/current/size] with no body
[38;5;117m[4cb8036e][0m[38;5;-177m[AndroidUiautomator2Driver@fd7c][0m Proxying [GET /appium/device/info] to [GET http://127.0.0.1:8201/session/122786cf-8f77-49b9-9c4b-47402609145a/appium/device/info] with no body
[38;5;117m[4cb8036e][0m[38;5;229m[ADB][0m Running 'C:\Users\sddam\AppData\Local\Android\Sdk\platform-tools\adb.exe -P 5037 -s emulator-5554 shell dumpsys window'
[38;5;117m[4cb8036e][0m[38;5;229m[ADB][0m Running 'C:\Users\sddam\AppData\Local\Android\Sdk\platform-tools\adb.exe -P 5037 -s emulator-5554 shell dumpsys power'
[38;5;117m[4cb8036e][0m[38;5;-177m[AndroidUiautomator2Driver@fd7c][0m Got response with status 200: {"sessionId":"122786cf-8f77-49b9-9c4b-47402609145a","value":2.625}
[38;5;117m[4cb8036e][0m[38;5;-177m[AndroidUiautomator2Driver@fd7c][0m Got response with status 200: {"sessionId":"122786cf-8f77-49b9-9c4b-47402609145a","value":{"statusBar":128}}
[38;5;117m[4cb8036e][0m[38;5;-177m[AndroidUiautomator2Driver@fd7c][0m Got response with status 200: {"sessionId":"122786cf-8f77-49b9-9c4b-47402609145a","value":{"height":2400,"width":1080}}
[38;5;117m[4cb8036e][0m[38;5;-177m[AndroidUiautomator2Driver@fd7c][0m Got response with status 200: {"sessionId":"122786cf-8f77-49b9-9c4b-47402609145a","value":{"androidId":"7cefe11d5057f469","apiVersion":"36","bluetooth":{"state":"ON"},"brand":"google","carrierName":"T-Mobile","displayDensity":420,"locale":"en_US","manufacturer":"Google","model":"sdk_gphone64_x86_64","networks":[{"capabilities":{"SSID":null,"linkDownBandwidthKbps":30000,"linkUpstreamBandwidthKbps":15000,"networkCapabilities":"NET_CAPABILITY_MMS,NET_CAPABILITY_SUPL,NET_CAPABILITY_DUN,NET_CAPABILITY_FOTA,NET_CAPABILITY_IMS,NET_CAPABILITY_CBS,NET_CAPABILITY_INTERNET,NET_CAPABILITY_NOT_RESTRICTED,NET_CAPABILITY_TRUSTED,NET_CAPABILITY_NOT_VPN,NET_CAPABILITY_NOT_ROAMING,NET_CAPABILITY_FOREGROUND,NET_CAPABILITY_NOT_CONGESTED,NET_CAPABILITY_NOT_SUSPENDED","signalStrength":-2147483648,"transportTypes":"TRANSPORT_CELLULAR"},"detailedState":"CONNECTED","extraInfo":"epc.tmobile.com","isAvailable":true,"isConnected":true,"isFailover":false,"isRoaming":false,"state":"CONNECTED","subtype":13,"subtypeName":"LTE","type":0,"typeName":"MOBILE"}],"platform...
[38;5;117m[4cb8036e][0m[38;5;-177m[AndroidUiautomator2Driver@fd7c][0m Screen already unlocked, doing nothing
[38;5;117m[4cb8036e][0m[38;5;-177m[AndroidUiautomator2Driver@fd7c][0m Starting 'com.wdiodemoapp/com.wdiodemoapp.MainActivity' and waiting for 'com.wdiodemoapp/com.wdiodemoapp.MainActivity'
[38;5;117m[4cb8036e][0m[38;5;229m[ADB][0m Running 'C:\Users\sddam\AppData\Local\Android\Sdk\platform-tools\adb.exe -P 5037 -s emulator-5554 shell am start-activity -W -n com.wdiodemoapp/com.wdiodemoapp.MainActivity -S -a android.intent.action.MAIN -c android.intent.category.LAUNCHER -f 0x10200000'
[38;5;117m[4cb8036e][0m[38;5;229m[ADB][0m Expected package names to be focused within 20000ms: 'com.wdiodemoapp'
[38;5;117m[4cb8036e][0m[38;5;229m[ADB][0m Expected activity name patterns to be focused within 20000ms: '/^com\.wdiodemoapp\.MainActivity$/'
[38;5;117m[4cb8036e][0m[38;5;229m[ADB][0m Getting focused package and activity
[38;5;117m[4cb8036e][0m[38;5;229m[ADB][0m Running 'C:\Users\sddam\AppData\Local\Android\Sdk\platform-tools\adb.exe -P 5037 -s emulator-5554 shell dumpsys window displays'
[38;5;117m[4cb8036e][0m[38;5;229m[ADB][0m Focused package: com.wdiodemoapp
[38;5;117m[4cb8036e][0m[38;5;229m[ADB][0m Focused fully qualified activity name: com.wdiodemoapp.MainActivity
[38;5;117m[4cb8036e][0m[38;5;53m[AppiumDriver@4412][0m New AndroidUiautomator2Driver session created successfully, session 4cb8036e-b650-48fd-b265-b63caac6b6d3 added to master session list
[38;5;117m[4cb8036e][0m[38;5;53m[AppiumDriver@4412][0m Event 'newSessionStarted' logged at 1764721959090 (21:32:39 GMT-0300 (Horário Padrão de Brasília))
[38;5;117m[4cb8036e][0m[38;5;-177m[AndroidUiautomator2Driver@fd7c][0m Cached the protocol value 'W3C' for the new session 4cb8036e-b650-48fd-b265-b63caac6b6d3
[38;5;117m[4cb8036e][0m[38;5;-177m[AndroidUiautomator2Driver@fd7c][0m Responding to client with driver.createSession() result: {"capabilities":{"platformName":"Android","platformVersion":"16","deviceName":"emulator-5554","automationName":"UIAutomator2","app":"C:\\Users\\sddam\\OneDrive\\Documentos\\automacao\\projeto-apresentacao\\automacao-webdriverIO\\app\\android\\android.wdio.native.app.v1.0.8.apk","platform":"LINUX","webStorageEnabled":false,"takesScreenshot":true,"javascriptEnabled":true,"databaseEnabled":false,"networkConnectionEnabled":true,"locationContextEnabled":false,"warnings":{},"desired":{"platformName":"Android","platformVersion":"16.0","deviceName":"Pixel 6","automationName":"UIAutomator2","app":"C:\\Users\\sddam\\OneDrive\\Documentos\\automacao\\projeto-apresentacao\\automacao-webdriverIO\\app\\android\\android.wdio.native.app.v1.0.8.apk"},"deviceUDID":"emulator-5554","appPackage":"com.wdiodemoapp","appActivity":"com.wdiodemoapp.MainActivity","pixelRatio":"2.625","statBarHeight":128,"viewportRect":{"left":0,"top":128,"width":1080,"height":2272},"deviceApiLevel":36,"deviceManufacturer":"Google","deviceModel":"sdk_...
[38;5;117m[4cb8036e][0m[38;5;86m[HTTP][0m [37m<-- POST /session [39m[32m200[39m [90m4648 ms - 1157[39m [90m[39m
[38;5;117m[4cb8036e][0m[38;5;86m[HTTP][0m [37m-->[39m [37mPOST[39m [37m/session/4cb8036e-b650-48fd-b265-b63caac6b6d3/element[39m [90m{"using":"xpath","value":"//android.widget.TextView[@text=\"Login\"]"}[39m
[38;5;117m[4cb8036e][0m[38;5;-177m[AndroidUiautomator2Driver@fd7c][0m Calling AppiumDriver.findElement() with args: ["xpath","//android.widget.TextView[@text=\"Login\"]","4cb8036e-b650-48fd-b265-b63caac6b6d3"]
[38;5;117m[4cb8036e][0m[38;5;-177m[AndroidUiautomator2Driver@fd7c][0m Valid locator strategies for this request: xpath, id, class name, accessibility id, css selector, -android uiautomator
[38;5;117m[4cb8036e][0m[38;5;-177m[AndroidUiautomator2Driver@fd7c][0m Waiting up to 0 ms for condition
[38;5;117m[4cb8036e][0m[38;5;-177m[AndroidUiautomator2Driver@fd7c][0m Matched '/element' to command name 'findElement'
[38;5;117m[4cb8036e][0m[38;5;-177m[AndroidUiautomator2Driver@fd7c][0m Proxying [POST /element] to [POST http://127.0.0.1:8201/session/122786cf-8f77-49b9-9c4b-47402609145a/element] with body: {"strategy":"xpath","selector":"//android.widget.TextView[@text=\"Login\"]","context":"","multiple":false}
[38;5;117m[4cb8036e][0m[38;5;-177m[AndroidUiautomator2Driver@fd7c][0m Got response with status 200: {"sessionId":"122786cf-8f77-49b9-9c4b-47402609145a","value":{"ELEMENT":"00000000-0000-0433-ffff-ffff00000033","element-6066-11e4-a52e-4f735466cecf":"00000000-0000-0433-ffff-ffff00000033"}}
[38;5;117m[4cb8036e][0m[38;5;-177m[AndroidUiautomator2Driver@fd7c][0m Responding to client with driver.findElement() result: {"element-6066-11e4-a52e-4f735466cecf":"00000000-0000-0433-ffff-ffff00000033","ELEMENT":"00000000-0000-0433-ffff-ffff00000033"}
[38;5;117m[4cb8036e][0m[38;5;86m[HTTP][0m [37m<-- POST /session/4cb8036e-b650-48fd-b265-b63caac6b6d3/element [39m[32m200[39m [90m1284 ms - 137[39m [90m[39m
[38;5;117m[4cb8036e][0m[38;5;86m[HTTP][0m [37m-->[39m [37mGET[39m [37m/session/4cb8036e-b650-48fd-b265-b63caac6b6d3/element/00000000-0000-0433-ffff-ffff00000033/displayed[39m [90m{}[39m
[38;5;117m[4cb8036e][0m[38;5;-177m[AndroidUiautomator2Driver@fd7c][0m Calling AppiumDriver.elementDisplayed() with args: ["00000000-0000-0433-ffff-ffff00000033","4cb8036e-b650-48fd-b265-b63caac6b6d3"]
[38;5;117m[4cb8036e][0m[38;5;-177m[AndroidUiautomator2Driver@fd7c][0m Matched '/element/00000000-0000-0433-ffff-ffff00000033/attribute/displayed' to command name 'getAttribute'
[38;5;117m[4cb8036e][0m[38;5;-177m[AndroidUiautomator2Driver@fd7c][0m Proxying [GET /element/00000000-0000-0433-ffff-ffff00000033/attribute/displayed] to [GET http://127.0.0.1:8201/session/122786cf-8f77-49b9-9c4b-47402609145a/element/00000000-0000-0433-ffff-ffff00000033/attribute/displayed] with no body
[38;5;117m[4cb8036e][0m[38;5;-177m[AndroidUiautomator2Driver@fd7c][0m Got response with status 200: {"sessionId":"122786cf-8f77-49b9-9c4b-47402609145a","value":"true"}
[38;5;117m[4cb8036e][0m[38;5;-177m[AndroidUiautomator2Driver@fd7c][0m Responding to client with driver.elementDisplayed() result: true
[38;5;117m[4cb8036e][0m[38;5;86m[HTTP][0m [37m<-- GET /session/4cb8036e-b650-48fd-b265-b63caac6b6d3/element/00000000-0000-0433-ffff-ffff00000033/displayed [39m[32m200[39m [90m17 ms - 14[39m [90m[39m
[38;5;117m[4cb8036e][0m[38;5;86m[HTTP][0m [37m-->[39m [37mPOST[39m [37m/session/4cb8036e-b650-48fd-b265-b63caac6b6d3/element/00000000-0000-0433-ffff-ffff00000033/click[39m [90m{}[39m
[38;5;117m[4cb8036e][0m[38;5;-177m[AndroidUiautomator2Driver@fd7c][0m Calling AppiumDriver.click() with args: ["00000000-0000-0433-ffff-ffff00000033","4cb8036e-b650-48fd-b265-b63caac6b6d3"]
[38;5;117m[4cb8036e][0m[38;5;-177m[AndroidUiautomator2Driver@fd7c][0m Matched '/element/00000000-0000-0433-ffff-ffff00000033/click' to command name 'click'
[38;5;117m[4cb8036e][0m[38;5;-177m[AndroidUiautomator2Driver@fd7c][0m Proxying [POST /element/00000000-0000-0433-ffff-ffff00000033/click] to [POST http://127.0.0.1:8201/session/122786cf-8f77-49b9-9c4b-47402609145a/element/00000000-0000-0433-ffff-ffff00000033/click] with body: {"element":"00000000-0000-0433-ffff-ffff00000033"}
[38;5;117m[4cb8036e][0m[38;5;-177m[AndroidUiautomator2Driver@fd7c][0m Got response with status 200: {"sessionId":"122786cf-8f77-49b9-9c4b-47402609145a","value":null}
[38;5;117m[4cb8036e][0m[38;5;-177m[AndroidUiautomator2Driver@fd7c][0m Responding to client with driver.click() result: null
[38;5;117m[4cb8036e][0m[38;5;86m[HTTP][0m [37m<-- POST /session/4cb8036e-b650-48fd-b265-b63caac6b6d3/element/00000000-0000-0433-ffff-ffff00000033/click [39m[32m200[39m [90m76 ms - 14[39m [90m[39m
[38;5;117m[4cb8036e][0m[38;5;86m[HTTP][0m [37m-->[39m [37mPOST[39m [37m/session/4cb8036e-b650-48fd-b265-b63caac6b6d3/element[39m [90m{"using":"xpath","value":"//android.widget.TextView[@text=\"Login\"]"}[39m
[38;5;117m[4cb8036e][0m[38;5;-177m[AndroidUiautomator2Driver@fd7c][0m Calling AppiumDriver.findElement() with args: ["xpath","//android.widget.TextView[@text=\"Login\"]","4cb8036e-b650-48fd-b265-b63caac6b6d3"]
[38;5;117m[4cb8036e][0m[38;5;-177m[AndroidUiautomator2Driver@fd7c][0m Valid locator strategies for this request: xpath, id, class name, accessibility id, css selector, -android uiautomator
[38;5;117m[4cb8036e][0m[38;5;-177m[AndroidUiautomator2Driver@fd7c][0m Waiting up to 0 ms for condition
[38;5;117m[4cb8036e][0m[38;5;-177m[AndroidUiautomator2Driver@fd7c][0m Matched '/element' to command name 'findElement'
[38;5;117m[4cb8036e][0m[38;5;-177m[AndroidUiautomator2Driver@fd7c][0m Proxying [POST /element] to [POST http://127.0.0.1:8201/session/122786cf-8f77-49b9-9c4b-47402609145a/element] with body: {"strategy":"xpath","selector":"//android.widget.TextView[@text=\"Login\"]","context":"","multiple":false}
[38;5;117m[4cb8036e][0m[38;5;-177m[AndroidUiautomator2Driver@fd7c][0m Got response with status 200: {"sessionId":"122786cf-8f77-49b9-9c4b-47402609145a","value":{"ELEMENT":"00000000-0000-0433-ffff-ffff00000033","element-6066-11e4-a52e-4f735466cecf":"00000000-0000-0433-ffff-ffff00000033"}}
[38;5;117m[4cb8036e][0m[38;5;-177m[AndroidUiautomator2Driver@fd7c][0m Responding to client with driver.findElement() result: {"element-6066-11e4-a52e-4f735466cecf":"00000000-0000-0433-ffff-ffff00000033","ELEMENT":"00000000-0000-0433-ffff-ffff00000033"}
[38;5;117m[4cb8036e][0m[38;5;86m[HTTP][0m [37m<-- POST /session/4cb8036e-b650-48fd-b265-b63caac6b6d3/element [39m[32m200[39m [90m93 ms - 137[39m [90m[39m
[38;5;117m[4cb8036e][0m[38;5;86m[HTTP][0m [37m-->[39m [37mGET[39m [37m/session/4cb8036e-b650-48fd-b265-b63caac6b6d3/element/00000000-0000-0433-ffff-ffff00000033/displayed[39m [90m{}[39m
[38;5;117m[4cb8036e][0m[38;5;-177m[AndroidUiautomator2Driver@fd7c][0m Calling AppiumDriver.elementDisplayed() with args: ["00000000-0000-0433-ffff-ffff00000033","4cb8036e-b650-48fd-b265-b63caac6b6d3"]
[38;5;117m[4cb8036e][0m[38;5;-177m[AndroidUiautomator2Driver@fd7c][0m Matched '/element/00000000-0000-0433-ffff-ffff00000033/attribute/displayed' to command name 'getAttribute'
[38;5;117m[4cb8036e][0m[38;5;-177m[AndroidUiautomator2Driver@fd7c][0m Proxying [GET /element/00000000-0000-0433-ffff-ffff00000033/attribute/displayed] to [GET http://127.0.0.1:8201/session/122786cf-8f77-49b9-9c4b-47402609145a/element/00000000-0000-0433-ffff-ffff00000033/attribute/displayed] with no body
[38;5;117m[4cb8036e][0m[38;5;-177m[AndroidUiautomator2Driver@fd7c][0m Got response with status 200: {"sessionId":"122786cf-8f77-49b9-9c4b-47402609145a","value":"true"}
[38;5;117m[4cb8036e][0m[38;5;-177m[AndroidUiautomator2Driver@fd7c][0m Responding to client with driver.elementDisplayed() result: true
[38;5;117m[4cb8036e][0m[38;5;86m[HTTP][0m [37m<-- GET /session/4cb8036e-b650-48fd-b265-b63caac6b6d3/element/00000000-0000-0433-ffff-ffff00000033/displayed [39m[32m200[39m [90m585 ms - 14[39m [90m[39m
[38;5;117m[4cb8036e][0m[38;5;86m[HTTP][0m [37m-->[39m [37mGET[39m [37m/session/4cb8036e-b650-48fd-b265-b63caac6b6d3/element/00000000-0000-0433-ffff-ffff00000033/text[39m [90m{}[39m
[38;5;117m[4cb8036e][0m[38;5;-177m[AndroidUiautomator2Driver@fd7c][0m Driver proxy active, passing request on via HTTP proxy
[38;5;117m[4cb8036e][0m[38;5;-177m[AndroidUiautomator2Driver@fd7c][0m Matched '/session/4cb8036e-b650-48fd-b265-b63caac6b6d3/element/00000000-0000-0433-ffff-ffff00000033/text' to command name 'getText'
[38;5;117m[4cb8036e][0m[38;5;-177m[AndroidUiautomator2Driver@fd7c][0m Proxying [GET /session/4cb8036e-b650-48fd-b265-b63caac6b6d3/element/00000000-0000-0433-ffff-ffff00000033/text] to [GET http://127.0.0.1:8201/session/122786cf-8f77-49b9-9c4b-47402609145a/element/00000000-0000-0433-ffff-ffff00000033/text] with no body
[38;5;117m[4cb8036e][0m[38;5;-177m[AndroidUiautomator2Driver@fd7c][0m Got response with status 200: {"sessionId":"122786cf-8f77-49b9-9c4b-47402609145a","value":"Login"}
[38;5;117m[4cb8036e][0m[38;5;-177m[AndroidUiautomator2Driver@fd7c][0m Replacing sessionId 122786cf-8f77-49b9-9c4b-47402609145a with 4cb8036e-b650-48fd-b265-b63caac6b6d3
[38;5;117m[4cb8036e][0m[38;5;86m[HTTP][0m [37m<-- GET /session/4cb8036e-b650-48fd-b265-b63caac6b6d3/element/00000000-0000-0433-ffff-ffff00000033/text [39m[32m200[39m [90m12 ms - 68[39m [90m[39m
[38;5;117m[4cb8036e][0m[38;5;86m[HTTP][0m [37m-->[39m [37mPOST[39m [37m/session/4cb8036e-b650-48fd-b265-b63caac6b6d3/element[39m [90m{"using":"xpath","value":"//android.view.ViewGroup[@content-desc=\"button-LOGIN\"]/android.view.ViewGroup"}[39m
[38;5;117m[4cb8036e][0m[38;5;-177m[AndroidUiautomator2Driver@fd7c][0m Calling AppiumDriver.findElement() with args: ["xpath","//android.view.ViewGroup[@content-desc=\"button-LOGIN\"]/android.view.ViewGroup","4cb8036e-b650-48fd-b265-b63caac6b6d3"]
[38;5;117m[4cb8036e][0m[38;5;-177m[AndroidUiautomator2Driver@fd7c][0m Valid locator strategies for this request: xpath, id, class name, accessibility id, css selector, -android uiautomator
[38;5;117m[4cb8036e][0m[38;5;-177m[AndroidUiautomator2Driver@fd7c][0m Waiting up to 0 ms for condition
[38;5;117m[4cb8036e][0m[38;5;-177m[AndroidUiautomator2Driver@fd7c][0m Matched '/element' to command name 'findElement'
[38;5;117m[4cb8036e][0m[38;5;-177m[AndroidUiautomator2Driver@fd7c][0m Proxying [POST /element] to [POST http://127.0.0.1:8201/session/122786cf-8f77-49b9-9c4b-47402609145a/element] with body: {"strategy":"xpath","selector":"//android.view.ViewGroup[@content-desc=\"button-LOGIN\"]/android.view.ViewGroup","context":"","multiple":false}
[38;5;117m[4cb8036e][0m[38;5;-177m[AndroidUiautomator2Driver@fd7c][0m Got response with status 200: {"sessionId":"122786cf-8f77-49b9-9c4b-47402609145a","value":{"ELEMENT":"00000000-0000-0433-ffff-ffff00000064","element-6066-11e4-a52e-4f735466cecf":"00000000-0000-0433-ffff-ffff00000064"}}
[38;5;117m[4cb8036e][0m[38;5;-177m[AndroidUiautomator2Driver@fd7c][0m Responding to client with driver.findElement() result: {"element-6066-11e4-a52e-4f735466cecf":"00000000-0000-0433-ffff-ffff00000064","ELEMENT":"00000000-0000-0433-ffff-ffff00000064"}
[38;5;117m[4cb8036e][0m[38;5;86m[HTTP][0m [37m<-- POST /session/4cb8036e-b650-48fd-b265-b63caac6b6d3/element [39m[32m200[39m [90m83 ms - 137[39m [90m[39m
[38;5;117m[4cb8036e][0m[38;5;86m[HTTP][0m [37m-->[39m [37mGET[39m [37m/session/4cb8036e-b650-48fd-b265-b63caac6b6d3/element/00000000-0000-0433-ffff-ffff00000064/displayed[39m [90m{}[39m
[38;5;117m[4cb8036e][0m[38;5;-177m[AndroidUiautomator2Driver@fd7c][0m Calling AppiumDriver.elementDisplayed() with args: ["00000000-0000-0433-ffff-ffff00000064","4cb8036e-b650-48fd-b265-b63caac6b6d3"]
[38;5;117m[4cb8036e][0m[38;5;-177m[AndroidUiautomator2Driver@fd7c][0m Matched '/element/00000000-0000-0433-ffff-ffff00000064/attribute/displayed' to command name 'getAttribute'
[38;5;117m[4cb8036e][0m[38;5;-177m[AndroidUiautomator2Driver@fd7c][0m Proxying [GET /element/00000000-0000-0433-ffff-ffff00000064/attribute/displayed] to [GET http://127.0.0.1:8201/session/122786cf-8f77-49b9-9c4b-47402609145a/element/00000000-0000-0433-ffff-ffff00000064/attribute/displayed] with no body
[38;5;117m[4cb8036e][0m[38;5;-177m[AndroidUiautomator2Driver@fd7c][0m Got response with status 200: {"sessionId":"122786cf-8f77-49b9-9c4b-47402609145a","value":"true"}
[38;5;117m[4cb8036e][0m[38;5;-177m[AndroidUiautomator2Driver@fd7c][0m Responding to client with driver.elementDisplayed() result: true
[38;5;117m[4cb8036e][0m[38;5;86m[HTTP][0m [37m<-- GET /session/4cb8036e-b650-48fd-b265-b63caac6b6d3/element/00000000-0000-0433-ffff-ffff00000064/displayed [39m[32m200[39m [90m13 ms - 14[39m [90m[39m
[38;5;117m[4cb8036e][0m[38;5;86m[HTTP][0m [37m-->[39m [37mPOST[39m [37m/session/4cb8036e-b650-48fd-b265-b63caac6b6d3/element/00000000-0000-0433-ffff-ffff00000064/click[39m [90m{}[39m
[38;5;117m[4cb8036e][0m[38;5;-177m[AndroidUiautomator2Driver@fd7c][0m Calling AppiumDriver.click() with args: ["00000000-0000-0433-ffff-ffff00000064","4cb8036e-b650-48fd-b265-b63caac6b6d3"]
[38;5;117m[4cb8036e][0m[38;5;-177m[AndroidUiautomator2Driver@fd7c][0m Matched '/element/00000000-0000-0433-ffff-ffff00000064/click' to command name 'click'
[38;5;117m[4cb8036e][0m[38;5;-177m[AndroidUiautomator2Driver@fd7c][0m Proxying [POST /element/00000000-0000-0433-ffff-ffff00000064/click] to [POST http://127.0.0.1:8201/session/122786cf-8f77-49b9-9c4b-47402609145a/element/00000000-0000-0433-ffff-ffff00000064/click] with body: {"element":"00000000-0000-0433-ffff-ffff00000064"}
[38;5;117m[4cb8036e][0m[38;5;-177m[AndroidUiautomator2Driver@fd7c][0m Got response with status 200: {"sessionId":"122786cf-8f77-49b9-9c4b-47402609145a","value":null}
[38;5;117m[4cb8036e][0m[38;5;-177m[AndroidUiautomator2Driver@fd7c][0m Responding to client with driver.click() result: null
[38;5;117m[4cb8036e][0m[38;5;86m[HTTP][0m [37m<-- POST /session/4cb8036e-b650-48fd-b265-b63caac6b6d3/element/00000000-0000-0433-ffff-ffff00000064/click [39m[32m200[39m [90m59 ms - 14[39m [90m[39m
[38;5;117m[4cb8036e][0m[38;5;86m[HTTP][0m [37m-->[39m [37mPOST[39m [37m/session/4cb8036e-b650-48fd-b265-b63caac6b6d3/element[39m [90m{"using":"xpath","value":"//android.widget.ScrollView[@content-desc=\"Login-screen\"]/android.view.ViewGroup/android.view.ViewGroup/android.view.ViewGroup[4]/android.widget.TextView[1]"}[39m
[38;5;117m[4cb8036e][0m[38;5;-177m[AndroidUiautomator2Driver@fd7c][0m Calling AppiumDriver.findElement() with args: ["xpath","//android.widget.ScrollView[@content-desc=\"Login-screen\"]/android.view.ViewGroup/android.view.ViewGroup/android.view.ViewGroup[4]/android.widget.TextView[1]","4cb8036e-b650-48fd-b265-b63caac6b6d3"]
[38;5;117m[4cb8036e][0m[38;5;-177m[AndroidUiautomator2Driver@fd7c][0m Valid locator strategies for this request: xpath, id, class name, accessibility id, css selector, -android uiautomator
[38;5;117m[4cb8036e][0m[38;5;-177m[AndroidUiautomator2Driver@fd7c][0m Waiting up to 0 ms for condition
[38;5;117m[4cb8036e][0m[38;5;-177m[AndroidUiautomator2Driver@fd7c][0m Matched '/element' to command name 'findElement'
[38;5;117m[4cb8036e][0m[38;5;-177m[AndroidUiautomator2Driver@fd7c][0m Proxying [POST /element] to [POST http://127.0.0.1:8201/session/122786cf-8f77-49b9-9c4b-47402609145a/element] with body: {"strategy":"xpath","selector":"//android.widget.ScrollView[@content-desc=\"Login-screen\"]/android.view.ViewGroup/android.view.ViewGroup/android.view.ViewGroup[4]/android.widget.TextView[1]","context":"","multiple":false}
[38;5;117m[4cb8036e][0m[38;5;-177m[AndroidUiautomator2Driver@fd7c][0m Got response with status 200: {"sessionId":"122786cf-8f77-49b9-9c4b-47402609145a","value":{"ELEMENT":"00000000-0000-0433-ffff-ffff0000005d","element-6066-11e4-a52e-4f735466cecf":"00000000-0000-0433-ffff-ffff0000005d"}}
[38;5;117m[4cb8036e][0m[38;5;-177m[AndroidUiautomator2Driver@fd7c][0m Responding to client with driver.findElement() result: {"element-6066-11e4-a52e-4f735466cecf":"00000000-0000-0433-ffff-ffff0000005d","ELEMENT":"00000000-0000-0433-ffff-ffff0000005d"}
[38;5;117m[4cb8036e][0m[38;5;86m[HTTP][0m [37m<-- POST /session/4cb8036e-b650-48fd-b265-b63caac6b6d3/element [39m[32m200[39m [90m1102 ms - 137[39m [90m[39m
[38;5;117m[4cb8036e][0m[38;5;86m[HTTP][0m [37m-->[39m [37mGET[39m [37m/session/4cb8036e-b650-48fd-b265-b63caac6b6d3/element/00000000-0000-0433-ffff-ffff0000005d/displayed[39m [90m{}[39m
[38;5;117m[4cb8036e][0m[38;5;-177m[AndroidUiautomator2Driver@fd7c][0m Calling AppiumDriver.elementDisplayed() with args: ["00000000-0000-0433-ffff-ffff0000005d","4cb8036e-b650-48fd-b265-b63caac6b6d3"]
[38;5;117m[4cb8036e][0m[38;5;-177m[AndroidUiautomator2Driver@fd7c][0m Matched '/element/00000000-0000-0433-ffff-ffff0000005d/attribute/displayed' to command name 'getAttribute'
[38;5;117m[4cb8036e][0m[38;5;-177m[AndroidUiautomator2Driver@fd7c][0m Proxying [GET /element/00000000-0000-0433-ffff-ffff0000005d/attribute/displayed] to [GET http://127.0.0.1:8201/session/122786cf-8f77-49b9-9c4b-47402609145a/element/00000000-0000-0433-ffff-ffff0000005d/attribute/displayed] with no body
[38;5;117m[4cb8036e][0m[38;5;-177m[AndroidUiautomator2Driver@fd7c][0m Got response with status 200: {"sessionId":"122786cf-8f77-49b9-9c4b-47402609145a","value":"true"}
[38;5;117m[4cb8036e][0m[38;5;-177m[AndroidUiautomator2Driver@fd7c][0m Responding to client with driver.elementDisplayed() result: true
[38;5;117m[4cb8036e][0m[38;5;86m[HTTP][0m [37m<-- GET /session/4cb8036e-b650-48fd-b265-b63caac6b6d3/element/00000000-0000-0433-ffff-ffff0000005d/displayed [39m[32m200[39m [90m15 ms - 14[39m [90m[39m
[38;5;117m[4cb8036e][0m[38;5;86m[HTTP][0m [37m-->[39m [37mGET[39m [37m/session/4cb8036e-b650-48fd-b265-b63caac6b6d3/element/00000000-0000-0433-ffff-ffff0000005d/text[39m [90m{}[39m
[38;5;117m[4cb8036e][0m[38;5;-177m[AndroidUiautomator2Driver@fd7c][0m Driver proxy active, passing request on via HTTP proxy
[38;5;117m[4cb8036e][0m[38;5;-177m[AndroidUiautomator2Driver@fd7c][0m Matched '/session/4cb8036e-b650-48fd-b265-b63caac6b6d3/element/00000000-0000-0433-ffff-ffff0000005d/text' to command name 'getText'
[38;5;117m[4cb8036e][0m[38;5;-177m[AndroidUiautomator2Driver@fd7c][0m Proxying [GET /session/4cb8036e-b650-48fd-b265-b63caac6b6d3/element/00000000-0000-0433-ffff-ffff0000005d/text] to [GET http://127.0.0.1:8201/session/122786cf-8f77-49b9-9c4b-47402609145a/element/00000000-0000-0433-ffff-ffff0000005d/text] with no body
[38;5;117m[4cb8036e][0m[38;5;-177m[AndroidUiautomator2Driver@fd7c][0m Got response with status 200: {"sessionId":"122786cf-8f77-49b9-9c4b-47402609145a","value":"Please enter a valid email address"}
[38;5;117m[4cb8036e][0m[38;5;-177m[AndroidUiautomator2Driver@fd7c][0m Replacing sessionId 122786cf-8f77-49b9-9c4b-47402609145a with 4cb8036e-b650-48fd-b265-b63caac6b6d3
[38;5;117m[4cb8036e][0m[38;5;86m[HTTP][0m [37m<-- GET /session/4cb8036e-b650-48fd-b265-b63caac6b6d3/element/00000000-0000-0433-ffff-ffff0000005d/text [39m[32m200[39m [90m13 ms - 97[39m [90m[39m
[38;5;117m[4cb8036e][0m[38;5;86m[HTTP][0m [37m-->[39m [37mPOST[39m [37m/session/4cb8036e-b650-48fd-b265-b63caac6b6d3/element[39m [90m{"using":"xpath","value":"//android.widget.ScrollView[@content-desc=\"Login-screen\"]/android.view.ViewGroup/android.view.ViewGroup/android.view.ViewGroup[4]/android.widget.TextView[2]"}[39m
[38;5;117m[4cb8036e][0m[38;5;-177m[AndroidUiautomator2Driver@fd7c][0m Calling AppiumDriver.findElement() with args: ["xpath","//android.widget.ScrollView[@content-desc=\"Login-screen\"]/android.view.ViewGroup/android.view.ViewGroup/android.view.ViewGroup[4]/android.widget.TextView[2]","4cb8036e-b650-48fd-b265-b63caac6b6d3"]
[38;5;117m[4cb8036e][0m[38;5;-177m[AndroidUiautomator2Driver@fd7c][0m Valid locator strategies for this request: xpath, id, class name, accessibility id, css selector, -android uiautomator
[38;5;117m[4cb8036e][0m[38;5;-177m[AndroidUiautomator2Driver@fd7c][0m Waiting up to 0 ms for condition
[38;5;117m[4cb8036e][0m[38;5;-177m[AndroidUiautomator2Driver@fd7c][0m Matched '/element' to command name 'findElement'
[38;5;117m[4cb8036e][0m[38;5;-177m[AndroidUiautomator2Driver@fd7c][0m Proxying [POST /element] to [POST http://127.0.0.1:8201/session/122786cf-8f77-49b9-9c4b-47402609145a/element] with body: {"strategy":"xpath","selector":"//android.widget.ScrollView[@content-desc=\"Login-screen\"]/android.view.ViewGroup/android.view.ViewGroup/android.view.ViewGroup[4]/android.widget.TextView[2]","context":"","multiple":false}
[38;5;117m[4cb8036e][0m[38;5;-177m[AndroidUiautomator2Driver@fd7c][0m Got response with status 200: {"sessionId":"122786cf-8f77-49b9-9c4b-47402609145a","value":{"ELEMENT":"00000000-0000-0433-ffff-ffff00000061","element-6066-11e4-a52e-4f735466cecf":"00000000-0000-0433-ffff-ffff00000061"}}
[38;5;117m[4cb8036e][0m[38;5;-177m[AndroidUiautomator2Driver@fd7c][0m Responding to client with driver.findElement() result: {"element-6066-11e4-a52e-4f735466cecf":"00000000-0000-0433-ffff-ffff00000061","ELEMENT":"00000000-0000-0433-ffff-ffff00000061"}
[38;5;117m[4cb8036e][0m[38;5;86m[HTTP][0m [37m<-- POST /session/4cb8036e-b650-48fd-b265-b63caac6b6d3/element [39m[32m200[39m [90m80 ms - 137[39m [90m[39m
[38;5;117m[4cb8036e][0m[38;5;86m[HTTP][0m [37m-->[39m [37mGET[39m [37m/session/4cb8036e-b650-48fd-b265-b63caac6b6d3/element/00000000-0000-0433-ffff-ffff00000061/displayed[39m [90m{}[39m
[38;5;117m[4cb8036e][0m[38;5;-177m[AndroidUiautomator2Driver@fd7c][0m Calling AppiumDriver.elementDisplayed() with args: ["00000000-0000-0433-ffff-ffff00000061","4cb8036e-b650-48fd-b265-b63caac6b6d3"]
[38;5;117m[4cb8036e][0m[38;5;-177m[AndroidUiautomator2Driver@fd7c][0m Matched '/element/00000000-0000-0433-ffff-ffff00000061/attribute/displayed' to command name 'getAttribute'
[38;5;117m[4cb8036e][0m[38;5;-177m[AndroidUiautomator2Driver@fd7c][0m Proxying [GET /element/00000000-0000-0433-ffff-ffff00000061/attribute/displayed] to [GET http://127.0.0.1:8201/session/122786cf-8f77-49b9-9c4b-47402609145a/element/00000000-0000-0433-ffff-ffff00000061/attribute/displayed] with no body
[38;5;117m[4cb8036e][0m[38;5;-177m[AndroidUiautomator2Driver@fd7c][0m Got response with status 200: {"sessionId":"122786cf-8f77-49b9-9c4b-47402609145a","value":"true"}
[38;5;117m[4cb8036e][0m[38;5;-177m[AndroidUiautomator2Driver@fd7c][0m Responding to client with driver.elementDisplayed() result: true
[38;5;117m[4cb8036e][0m[38;5;86m[HTTP][0m [37m<-- GET /session/4cb8036e-b650-48fd-b265-b63caac6b6d3/element/00000000-0000-0433-ffff-ffff00000061/displayed [39m[32m200[39m [90m12 ms - 14[39m [90m[39m
[38;5;117m[4cb8036e][0m[38;5;86m[HTTP][0m [37m-->[39m [37mGET[39m [37m/session/4cb8036e-b650-48fd-b265-b63caac6b6d3/element/00000000-0000-0433-ffff-ffff00000061/text[39m [90m{}[39m
[38;5;117m[4cb8036e][0m[38;5;-177m[AndroidUiautomator2Driver@fd7c][0m Driver proxy active, passing request on via HTTP proxy
[38;5;117m[4cb8036e][0m[38;5;-177m[AndroidUiautomator2Driver@fd7c][0m Matched '/session/4cb8036e-b650-48fd-b265-b63caac6b6d3/element/00000000-0000-0433-ffff-ffff00000061/text' to command name 'getText'
[38;5;117m[4cb8036e][0m[38;5;-177m[AndroidUiautomator2Driver@fd7c][0m Proxying [GET /session/4cb8036e-b650-48fd-b265-b63caac6b6d3/element/00000000-0000-0433-ffff-ffff00000061/text] to [GET http://127.0.0.1:8201/session/122786cf-8f77-49b9-9c4b-47402609145a/element/00000000-0000-0433-ffff-ffff00000061/text] with no body
[38;5;117m[4cb8036e][0m[38;5;-177m[AndroidUiautomator2Driver@fd7c][0m Got response with status 200: {"sessionId":"122786cf-8f77-49b9-9c4b-47402609145a","value":"Please enter at least 8 characters"}
[38;5;117m[4cb8036e][0m[38;5;-177m[AndroidUiautomator2Driver@fd7c][0m Replacing sessionId 122786cf-8f77-49b9-9c4b-47402609145a with 4cb8036e-b650-48fd-b265-b63caac6b6d3
[38;5;117m[4cb8036e][0m[38;5;86m[HTTP][0m [37m<-- GET /session/4cb8036e-b650-48fd-b265-b63caac6b6d3/element/00000000-0000-0433-ffff-ffff00000061/text [39m[32m200[39m [90m12 ms - 97[39m [90m[39m
[38;5;117m[4cb8036e][0m[38;5;86m[HTTP][0m [37m-->[39m [37mPOST[39m [37m/session/4cb8036e-b650-48fd-b265-b63caac6b6d3/element[39m [90m{"using":"xpath","value":"//android.widget.TextView[@text=\"Login\"]"}[39m
[38;5;117m[4cb8036e][0m[38;5;-177m[AndroidUiautomator2Driver@fd7c][0m Calling AppiumDriver.findElement() with args: ["xpath","//android.widget.TextView[@text=\"Login\"]","4cb8036e-b650-48fd-b265-b63caac6b6d3"]
[38;5;117m[4cb8036e][0m[38;5;-177m[AndroidUiautomator2Driver@fd7c][0m Valid locator strategies for this request: xpath, id, class name, accessibility id, css selector, -android uiautomator
[38;5;117m[4cb8036e][0m[38;5;-177m[AndroidUiautomator2Driver@fd7c][0m Waiting up to 0 ms for condition
[38;5;117m[4cb8036e][0m[38;5;-177m[AndroidUiautomator2Driver@fd7c][0m Matched '/element' to command name 'findElement'
[38;5;117m[4cb8036e][0m[38;5;-177m[AndroidUiautomator2Driver@fd7c][0m Proxying [POST /element] to [POST http://127.0.0.1:8201/session/122786cf-8f77-49b9-9c4b-47402609145a/element] with body: {"strategy":"xpath","selector":"//android.widget.TextView[@text=\"Login\"]","context":"","multiple":false}
[38;5;117m[4cb8036e][0m[38;5;-177m[AndroidUiautomator2Driver@fd7c][0m Got response with status 200: {"sessionId":"122786cf-8f77-49b9-9c4b-47402609145a","value":{"ELEMENT":"00000000-0000-0433-ffff-ffff00000054","element-6066-11e4-a52e-4f735466cecf":"00000000-0000-0433-ffff-ffff00000054"}}
[38;5;117m[4cb8036e][0m[38;5;-177m[AndroidUiautomator2Driver@fd7c][0m Responding to client with driver.findElement() result: {"element-6066-11e4-a52e-4f735466cecf":"00000000-0000-0433-ffff-ffff00000054","ELEMENT":"00000000-0000-0433-ffff-ffff00000054"}
[38;5;117m[4cb8036e][0m[38;5;86m[HTTP][0m [37m<-- POST /session/4cb8036e-b650-48fd-b265-b63caac6b6d3/element [39m[32m200[39m [90m86 ms - 137[39m [90m[39m
[38;5;117m[4cb8036e][0m[38;5;86m[HTTP][0m [37m-->[39m [37mGET[39m [37m/session/4cb8036e-b650-48fd-b265-b63caac6b6d3/element/00000000-0000-0433-ffff-ffff00000054/displayed[39m [90m{}[39m
[38;5;117m[4cb8036e][0m[38;5;-177m[AndroidUiautomator2Driver@fd7c][0m Calling AppiumDriver.elementDisplayed() with args: ["00000000-0000-0433-ffff-ffff00000054","4cb8036e-b650-48fd-b265-b63caac6b6d3"]
[38;5;117m[4cb8036e][0m[38;5;-177m[AndroidUiautomator2Driver@fd7c][0m Matched '/element/00000000-0000-0433-ffff-ffff00000054/attribute/displayed' to command name 'getAttribute'
[38;5;117m[4cb8036e][0m[38;5;-177m[AndroidUiautomator2Driver@fd7c][0m Proxying [GET /element/00000000-0000-0433-ffff-ffff00000054/attribute/displayed] to [GET http://127.0.0.1:8201/session/122786cf-8f77-49b9-9c4b-47402609145a/element/00000000-0000-0433-ffff-ffff00000054/attribute/displayed] with no body
[38;5;117m[4cb8036e][0m[38;5;-177m[AndroidUiautomator2Driver@fd7c][0m Got response with status 200: {"sessionId":"122786cf-8f77-49b9-9c4b-47402609145a","value":"true"}
[38;5;117m[4cb8036e][0m[38;5;-177m[AndroidUiautomator2Driver@fd7c][0m Responding to client with driver.elementDisplayed() result: true
[38;5;117m[4cb8036e][0m[38;5;86m[HTTP][0m [37m<-- GET /session/4cb8036e-b650-48fd-b265-b63caac6b6d3/element/00000000-0000-0433-ffff-ffff00000054/displayed [39m[32m200[39m [90m13 ms - 14[39m [90m[39m
[38;5;117m[4cb8036e][0m[38;5;86m[HTTP][0m [37m-->[39m [37mPOST[39m [37m/session/4cb8036e-b650-48fd-b265-b63caac6b6d3/element/00000000-0000-0433-ffff-ffff00000054/click[39m [90m{}[39m
[38;5;117m[4cb8036e][0m[38;5;-177m[AndroidUiautomator2Driver@fd7c][0m Calling AppiumDriver.click() with args: ["00000000-0000-0433-ffff-ffff00000054","4cb8036e-b650-48fd-b265-b63caac6b6d3"]
[38;5;117m[4cb8036e][0m[38;5;-177m[AndroidUiautomator2Driver@fd7c][0m Matched '/element/00000000-0000-0433-ffff-ffff00000054/click' to command name 'click'
[38;5;117m[4cb8036e][0m[38;5;-177m[AndroidUiautomator2Driver@fd7c][0m Proxying [POST /element/00000000-0000-0433-ffff-ffff00000054/click] to [POST http://127.0.0.1:8201/session/122786cf-8f77-49b9-9c4b-47402609145a/element/00000000-0000-0433-ffff-ffff00000054/click] with body: {"element":"00000000-0000-0433-ffff-ffff00000054"}
[38;5;117m[4cb8036e][0m[38;5;-177m[AndroidUiautomator2Driver@fd7c][0m Got response with status 200: {"sessionId":"122786cf-8f77-49b9-9c4b-47402609145a","value":null}
[38;5;117m[4cb8036e][0m[38;5;-177m[AndroidUiautomator2Driver@fd7c][0m Responding to client with driver.click() result: null
[38;5;117m[4cb8036e][0m[38;5;86m[HTTP][0m [37m<-- POST /session/4cb8036e-b650-48fd-b265-b63caac6b6d3/element/00000000-0000-0433-ffff-ffff00000054/click [39m[32m200[39m [90m76 ms - 14[39m [90m[39m
[38;5;117m[4cb8036e][0m[38;5;86m[HTTP][0m [37m-->[39m [37mPOST[39m [37m/session/4cb8036e-b650-48fd-b265-b63caac6b6d3/element[39m [90m{"using":"xpath","value":"//android.widget.TextView[@text=\"Login\"]"}[39m
[38;5;117m[4cb8036e][0m[38;5;-177m[AndroidUiautomator2Driver@fd7c][0m Calling AppiumDriver.findElement() with args: ["xpath","//android.widget.TextView[@text=\"Login\"]","4cb8036e-b650-48fd-b265-b63caac6b6d3"]
[38;5;117m[4cb8036e][0m[38;5;-177m[AndroidUiautomator2Driver@fd7c][0m Valid locator strategies for this request: xpath, id, class name, accessibility id, css selector, -android uiautomator
[38;5;117m[4cb8036e][0m[38;5;-177m[AndroidUiautomator2Driver@fd7c][0m Waiting up to 0 ms for condition
[38;5;117m[4cb8036e][0m[38;5;-177m[AndroidUiautomator2Driver@fd7c][0m Matched '/element' to command name 'findElement'
[38;5;117m[4cb8036e][0m[38;5;-177m[AndroidUiautomator2Driver@fd7c][0m Proxying [POST /element] to [POST http://127.0.0.1:8201/session/122786cf-8f77-49b9-9c4b-47402609145a/element] with body: {"strategy":"xpath","selector":"//android.widget.TextView[@text=\"Login\"]","context":"","multiple":false}
[38;5;117m[4cb8036e][0m[38;5;-177m[AndroidUiautomator2Driver@fd7c][0m Got response with status 200: {"sessionId":"122786cf-8f77-49b9-9c4b-47402609145a","value":{"ELEMENT":"00000000-0000-0433-ffff-ffff00000054","element-6066-11e4-a52e-4f735466cecf":"00000000-0000-0433-ffff-ffff00000054"}}
[38;5;117m[4cb8036e][0m[38;5;-177m[AndroidUiautomator2Driver@fd7c][0m Responding to client with driver.findElement() result: {"element-6066-11e4-a52e-4f735466cecf":"00000000-0000-0433-ffff-ffff00000054","ELEMENT":"00000000-0000-0433-ffff-ffff00000054"}
[38;5;117m[4cb8036e][0m[38;5;86m[HTTP][0m [37m<-- POST /session/4cb8036e-b650-48fd-b265-b63caac6b6d3/element [39m[32m200[39m [90m128 ms - 137[39m [90m[39m
[38;5;117m[4cb8036e][0m[38;5;86m[HTTP][0m [37m-->[39m [37mGET[39m [37m/session/4cb8036e-b650-48fd-b265-b63caac6b6d3/element/00000000-0000-0433-ffff-ffff00000054/displayed[39m [90m{}[39m
[38;5;117m[4cb8036e][0m[38;5;-177m[AndroidUiautomator2Driver@fd7c][0m Calling AppiumDriver.elementDisplayed() with args: ["00000000-0000-0433-ffff-ffff00000054","4cb8036e-b650-48fd-b265-b63caac6b6d3"]
[38;5;117m[4cb8036e][0m[38;5;-177m[AndroidUiautomator2Driver@fd7c][0m Matched '/element/00000000-0000-0433-ffff-ffff00000054/attribute/displayed' to command name 'getAttribute'
[38;5;117m[4cb8036e][0m[38;5;-177m[AndroidUiautomator2Driver@fd7c][0m Proxying [GET /element/00000000-0000-0433-ffff-ffff00000054/attribute/displayed] to [GET http://127.0.0.1:8201/session/122786cf-8f77-49b9-9c4b-47402609145a/element/00000000-0000-0433-ffff-ffff00000054/attribute/displayed] with no body
[38;5;117m[4cb8036e][0m[38;5;-177m[AndroidUiautomator2Driver@fd7c][0m Got response with status 200: {"sessionId":"122786cf-8f77-49b9-9c4b-47402609145a","value":"true"}
[38;5;117m[4cb8036e][0m[38;5;-177m[AndroidUiautomator2Driver@fd7c][0m Responding to client with driver.elementDisplayed() result: true
[38;5;117m[4cb8036e][0m[38;5;86m[HTTP][0m [37m<-- GET /session/4cb8036e-b650-48fd-b265-b63caac6b6d3/element/00000000-0000-0433-ffff-ffff00000054/displayed [39m[32m200[39m [90m14 ms - 14[39m [90m[39m
[38;5;117m[4cb8036e][0m[38;5;86m[HTTP][0m [37m-->[39m [37mGET[39m [37m/session/4cb8036e-b650-48fd-b265-b63caac6b6d3/element/00000000-0000-0433-ffff-ffff00000054/text[39m [90m{}[39m
[38;5;117m[4cb8036e][0m[38;5;-177m[AndroidUiautomator2Driver@fd7c][0m Driver proxy active, passing request on via HTTP proxy
[38;5;117m[4cb8036e][0m[38;5;-177m[AndroidUiautomator2Driver@fd7c][0m Matched '/session/4cb8036e-b650-48fd-b265-b63caac6b6d3/element/00000000-0000-0433-ffff-ffff00000054/text' to command name 'getText'
[38;5;117m[4cb8036e][0m[38;5;-177m[AndroidUiautomator2Driver@fd7c][0m Proxying [GET /session/4cb8036e-b650-48fd-b265-b63caac6b6d3/element/00000000-0000-0433-ffff-ffff00000054/text] to [GET http://127.0.0.1:8201/session/122786cf-8f77-49b9-9c4b-47402609145a/element/00000000-0000-0433-ffff-ffff00000054/text] with no body
[38;5;117m[4cb8036e][0m[38;5;-177m[AndroidUiautomator2Driver@fd7c][0m Got response with status 200: {"sessionId":"122786cf-8f77-49b9-9c4b-47402609145a","value":"Login"}
[38;5;117m[4cb8036e][0m[38;5;-177m[AndroidUiautomator2Driver@fd7c][0m Replacing sessionId 122786cf-8f77-49b9-9c4b-47402609145a with 4cb8036e-b650-48fd-b265-b63caac6b6d3
[38;5;117m[4cb8036e][0m[38;5;86m[HTTP][0m [37m<-- GET /session/4cb8036e-b650-48fd-b265-b63caac6b6d3/element/00000000-0000-0433-ffff-ffff00000054/text [39m[32m200[39m [90m14 ms - 68[39m [90m[39m
[38;5;117m[4cb8036e][0m[38;5;86m[HTTP][0m [37m-->[39m [37mPOST[39m [37m/session/4cb8036e-b650-48fd-b265-b63caac6b6d3/element[39m [90m{"using":"xpath","value":"//android.widget.TextView[@text=\"Login / Sign up Form\"]"}[39m
[38;5;117m[4cb8036e][0m[38;5;-177m[AndroidUiautomator2Driver@fd7c][0m Calling AppiumDriver.findElement() with args: ["xpath","//android.widget.TextView[@text=\"Login / Sign up Form\"]","4cb8036e-b650-48fd-b265-b63caac6b6d3"]
[38;5;117m[4cb8036e][0m[38;5;-177m[AndroidUiautomator2Driver@fd7c][0m Valid locator strategies for this request: xpath, id, class name, accessibility id, css selector, -android uiautomator
[38;5;117m[4cb8036e][0m[38;5;-177m[AndroidUiautomator2Driver@fd7c][0m Waiting up to 0 ms for condition
[38;5;117m[4cb8036e][0m[38;5;-177m[AndroidUiautomator2Driver@fd7c][0m Matched '/element' to command name 'findElement'
[38;5;117m[4cb8036e][0m[38;5;-177m[AndroidUiautomator2Driver@fd7c][0m Proxying [POST /element] to [POST http://127.0.0.1:8201/session/122786cf-8f77-49b9-9c4b-47402609145a/element] with body: {"strategy":"xpath","selector":"//android.widget.TextView[@text=\"Login / Sign up Form\"]","context":"","multiple":false}
[38;5;117m[4cb8036e][0m[38;5;-177m[AndroidUiautomator2Driver@fd7c][0m Got response with status 200: {"sessionId":"122786cf-8f77-49b9-9c4b-47402609145a","value":{"ELEMENT":"00000000-0000-0433-ffff-ffff00000051","element-6066-11e4-a52e-4f735466cecf":"00000000-0000-0433-ffff-ffff00000051"}}
[38;5;117m[4cb8036e][0m[38;5;-177m[AndroidUiautomator2Driver@fd7c][0m Responding to client with driver.findElement() result: {"element-6066-11e4-a52e-4f735466cecf":"00000000-0000-0433-ffff-ffff00000051","ELEMENT":"00000000-0000-0433-ffff-ffff00000051"}
[38;5;117m[4cb8036e][0m[38;5;86m[HTTP][0m [37m<-- POST /session/4cb8036e-b650-48fd-b265-b63caac6b6d3/element [39m[32m200[39m [90m88 ms - 137[39m [90m[39m
[38;5;117m[4cb8036e][0m[38;5;86m[HTTP][0m [37m-->[39m [37mGET[39m [37m/session/4cb8036e-b650-48fd-b265-b63caac6b6d3/element/00000000-0000-0433-ffff-ffff00000051/displayed[39m [90m{}[39m
[38;5;117m[4cb8036e][0m[38;5;-177m[AndroidUiautomator2Driver@fd7c][0m Calling AppiumDriver.elementDisplayed() with args: ["00000000-0000-0433-ffff-ffff00000051","4cb8036e-b650-48fd-b265-b63caac6b6d3"]
[38;5;117m[4cb8036e][0m[38;5;-177m[AndroidUiautomator2Driver@fd7c][0m Matched '/element/00000000-0000-0433-ffff-ffff00000051/attribute/displayed' to command name 'getAttribute'
[38;5;117m[4cb8036e][0m[38;5;-177m[AndroidUiautomator2Driver@fd7c][0m Proxying [GET /element/00000000-0000-0433-ffff-ffff00000051/attribute/displayed] to [GET http://127.0.0.1:8201/session/122786cf-8f77-49b9-9c4b-47402609145a/element/00000000-0000-0433-ffff-ffff00000051/attribute/displayed] with no body
[38;5;117m[4cb8036e][0m[38;5;-177m[AndroidUiautomator2Driver@fd7c][0m Got response with status 200: {"sessionId":"122786cf-8f77-49b9-9c4b-47402609145a","value":"true"}
[38;5;117m[4cb8036e][0m[38;5;-177m[AndroidUiautomator2Driver@fd7c][0m Responding to client with driver.elementDisplayed() result: true
[38;5;117m[4cb8036e][0m[38;5;86m[HTTP][0m [37m<-- GET /session/4cb8036e-b650-48fd-b265-b63caac6b6d3/element/00000000-0000-0433-ffff-ffff00000051/displayed [39m[32m200[39m [90m13 ms - 14[39m [90m[39m
[38;5;117m[4cb8036e][0m[38;5;86m[HTTP][0m [37m-->[39m [37mGET[39m [37m/session/4cb8036e-b650-48fd-b265-b63caac6b6d3/element/00000000-0000-0433-ffff-ffff00000051/text[39m [90m{}[39m
[38;5;117m[4cb8036e][0m[38;5;-177m[AndroidUiautomator2Driver@fd7c][0m Driver proxy active, passing request on via HTTP proxy
[38;5;117m[4cb8036e][0m[38;5;-177m[AndroidUiautomator2Driver@fd7c][0m Matched '/session/4cb8036e-b650-48fd-b265-b63caac6b6d3/element/00000000-0000-0433-ffff-ffff00000051/text' to command name 'getText'
[38;5;117m[4cb8036e][0m[38;5;-177m[AndroidUiautomator2Driver@fd7c][0m Proxying [GET /session/4cb8036e-b650-48fd-b265-b63caac6b6d3/element/00000000-0000-0433-ffff-ffff00000051/text] to [GET http://127.0.0.1:8201/session/122786cf-8f77-49b9-9c4b-47402609145a/element/00000000-0000-0433-ffff-ffff00000051/text] with no body
[38;5;117m[4cb8036e][0m[38;5;-177m[AndroidUiautomator2Driver@fd7c][0m Got response with status 200: {"sessionId":"122786cf-8f77-49b9-9c4b-47402609145a","value":"Login / Sign up Form"}
[38;5;117m[4cb8036e][0m[38;5;-177m[AndroidUiautomator2Driver@fd7c][0m Replacing sessionId 122786cf-8f77-49b9-9c4b-47402609145a with 4cb8036e-b650-48fd-b265-b63caac6b6d3
[38;5;117m[4cb8036e][0m[38;5;86m[HTTP][0m [37m<-- GET /session/4cb8036e-b650-48fd-b265-b63caac6b6d3/element/00000000-0000-0433-ffff-ffff00000051/text [39m[32m200[39m [90m14 ms - 83[39m [90m[39m
[38;5;117m[4cb8036e][0m[38;5;86m[HTTP][0m [37m-->[39m [37mPOST[39m [37m/session/4cb8036e-b650-48fd-b265-b63caac6b6d3/element[39m [90m{"using":"xpath","value":"//android.widget.TextView[@text=\"Login\"][1]"}[39m
[38;5;117m[4cb8036e][0m[38;5;-177m[AndroidUiautomator2Driver@fd7c][0m Calling AppiumDriver.findElement() with args: ["xpath","//android.widget.TextView[@text=\"Login\"][1]","4cb8036e-b650-48fd-b265-b63caac6b6d3"]
[38;5;117m[4cb8036e][0m[38;5;-177m[AndroidUiautomator2Driver@fd7c][0m Valid locator strategies for this request: xpath, id, class name, accessibility id, css selector, -android uiautomator
[38;5;117m[4cb8036e][0m[38;5;-177m[AndroidUiautomator2Driver@fd7c][0m Waiting up to 0 ms for condition
[38;5;117m[4cb8036e][0m[38;5;-177m[AndroidUiautomator2Driver@fd7c][0m Matched '/element' to command name 'findElement'
[38;5;117m[4cb8036e][0m[38;5;-177m[AndroidUiautomator2Driver@fd7c][0m Proxying [POST /element] to [POST http://127.0.0.1:8201/session/122786cf-8f77-49b9-9c4b-47402609145a/element] with body: {"strategy":"xpath","selector":"//android.widget.TextView[@text=\"Login\"][1]","context":"","multiple":false}
[38;5;117m[4cb8036e][0m[38;5;-177m[AndroidUiautomator2Driver@fd7c][0m Got response with status 200: {"sessionId":"122786cf-8f77-49b9-9c4b-47402609145a","value":{"ELEMENT":"00000000-0000-0433-ffff-ffff00000054","element-6066-11e4-a52e-4f735466cecf":"00000000-0000-0433-ffff-ffff00000054"}}
[38;5;117m[4cb8036e][0m[38;5;-177m[AndroidUiautomator2Driver@fd7c][0m Responding to client with driver.findElement() result: {"element-6066-11e4-a52e-4f735466cecf":"00000000-0000-0433-ffff-ffff00000054","ELEMENT":"00000000-0000-0433-ffff-ffff00000054"}
[38;5;117m[4cb8036e][0m[38;5;86m[HTTP][0m [37m<-- POST /session/4cb8036e-b650-48fd-b265-b63caac6b6d3/element [39m[32m200[39m [90m83 ms - 137[39m [90m[39m
[38;5;117m[4cb8036e][0m[38;5;86m[HTTP][0m [37m-->[39m [37mGET[39m [37m/session/4cb8036e-b650-48fd-b265-b63caac6b6d3/element/00000000-0000-0433-ffff-ffff00000054/displayed[39m [90m{}[39m
[38;5;117m[4cb8036e][0m[38;5;-177m[AndroidUiautomator2Driver@fd7c][0m Calling AppiumDriver.elementDisplayed() with args: ["00000000-0000-0433-ffff-ffff00000054","4cb8036e-b650-48fd-b265-b63caac6b6d3"]
[38;5;117m[4cb8036e][0m[38;5;-177m[AndroidUiautomator2Driver@fd7c][0m Matched '/element/00000000-0000-0433-ffff-ffff00000054/attribute/displayed' to command name 'getAttribute'
[38;5;117m[4cb8036e][0m[38;5;-177m[AndroidUiautomator2Driver@fd7c][0m Proxying [GET /element/00000000-0000-0433-ffff-ffff00000054/attribute/displayed] to [GET http://127.0.0.1:8201/session/122786cf-8f77-49b9-9c4b-47402609145a/element/00000000-0000-0433-ffff-ffff00000054/attribute/displayed] with no body
[38;5;117m[4cb8036e][0m[38;5;-177m[AndroidUiautomator2Driver@fd7c][0m Got response with status 200: {"sessionId":"122786cf-8f77-49b9-9c4b-47402609145a","value":"true"}
[38;5;117m[4cb8036e][0m[38;5;-177m[AndroidUiautomator2Driver@fd7c][0m Responding to client with driver.elementDisplayed() result: true
[38;5;117m[4cb8036e][0m[38;5;86m[HTTP][0m [37m<-- GET /session/4cb8036e-b650-48fd-b265-b63caac6b6d3/element/00000000-0000-0433-ffff-ffff00000054/displayed [39m[32m200[39m [90m11 ms - 14[39m [90m[39m
[38;5;117m[4cb8036e][0m[38;5;86m[HTTP][0m [37m-->[39m [37mGET[39m [37m/session/4cb8036e-b650-48fd-b265-b63caac6b6d3/element/00000000-0000-0433-ffff-ffff00000054/text[39m [90m{}[39m
[38;5;117m[4cb8036e][0m[38;5;-177m[AndroidUiautomator2Driver@fd7c][0m Driver proxy active, passing request on via HTTP proxy
[38;5;117m[4cb8036e][0m[38;5;-177m[AndroidUiautomator2Driver@fd7c][0m Matched '/session/4cb8036e-b650-48fd-b265-b63caac6b6d3/element/00000000-0000-0433-ffff-ffff00000054/text' to command name 'getText'
[38;5;117m[4cb8036e][0m[38;5;-177m[AndroidUiautomator2Driver@fd7c][0m Proxying [GET /session/4cb8036e-b650-48fd-b265-b63caac6b6d3/element/00000000-0000-0433-ffff-ffff00000054/text] to [GET http://127.0.0.1:8201/session/122786cf-8f77-49b9-9c4b-47402609145a/element/00000000-0000-0433-ffff-ffff00000054/text] with no body
[38;5;117m[4cb8036e][0m[38;5;-177m[AndroidUiautomator2Driver@fd7c][0m Got response with status 200: {"sessionId":"122786cf-8f77-49b9-9c4b-47402609145a","value":"Login"}
[38;5;117m[4cb8036e][0m[38;5;-177m[AndroidUiautomator2Driver@fd7c][0m Replacing sessionId 122786cf-8f77-49b9-9c4b-47402609145a with 4cb8036e-b650-48fd-b265-b63caac6b6d3
[38;5;117m[4cb8036e][0m[38;5;86m[HTTP][0m [37m<-- GET /session/4cb8036e-b650-48fd-b265-b63caac6b6d3/element/00000000-0000-0433-ffff-ffff00000054/text [39m[32m200[39m [90m12 ms - 68[39m [90m[39m
[38;5;117m[4cb8036e][0m[38;5;86m[HTTP][0m [37m-->[39m [37mPOST[39m [37m/session/4cb8036e-b650-48fd-b265-b63caac6b6d3/element[39m [90m{"using":"xpath","value":"//android.widget.TextView[@text=\"When the device has Touch/FaceID (iOS) or FingerPrint enabled a biometrics button will be shown to use and test the login.\"]"}[39m
[38;5;117m[4cb8036e][0m[38;5;-177m[AndroidUiautomator2Driver@fd7c][0m Calling AppiumDriver.findElement() with args: ["xpath","//android.widget.TextView[@text=\"When the device has Touch/FaceID (iOS) or FingerPrint enabled a biometrics button will be shown to use and test the login.\"]","4cb8036e-b650-48fd-b265-b63caac6b6d3"]
[38;5;117m[4cb8036e][0m[38;5;-177m[AndroidUiautomator2Driver@fd7c][0m Valid locator strategies for this request: xpath, id, class name, accessibility id, css selector, -android uiautomator
[38;5;117m[4cb8036e][0m[38;5;-177m[AndroidUiautomator2Driver@fd7c][0m Waiting up to 0 ms for condition
[38;5;117m[4cb8036e][0m[38;5;-177m[AndroidUiautomator2Driver@fd7c][0m Matched '/element' to command name 'findElement'
[38;5;117m[4cb8036e][0m[38;5;-177m[AndroidUiautomator2Driver@fd7c][0m Proxying [POST /element] to [POST http://127.0.0.1:8201/session/122786cf-8f77-49b9-9c4b-47402609145a/element] with body: {"strategy":"xpath","selector":"//android.widget.TextView[@text=\"When the device has Touch/FaceID (iOS) or FingerPrint enabled a biometrics button will be shown to use and test the login.\"]","context":"","multiple":false}
[38;5;117m[4cb8036e][0m[38;5;-177m[AndroidUiautomator2Driver@fd7c][0m Got response with status 200: {"sessionId":"122786cf-8f77-49b9-9c4b-47402609145a","value":{"ELEMENT":"00000000-0000-0433-ffff-ffff00000062","element-6066-11e4-a52e-4f735466cecf":"00000000-0000-0433-ffff-ffff00000062"}}
[38;5;117m[4cb8036e][0m[38;5;-177m[AndroidUiautomator2Driver@fd7c][0m Responding to client with driver.findElement() result: {"element-6066-11e4-a52e-4f735466cecf":"00000000-0000-0433-ffff-ffff00000062","ELEMENT":"00000000-0000-0433-ffff-ffff00000062"}
[38;5;117m[4cb8036e][0m[38;5;86m[HTTP][0m [37m<-- POST /session/4cb8036e-b650-48fd-b265-b63caac6b6d3/element [39m[32m200[39m [90m79 ms - 137[39m [90m[39m
[38;5;117m[4cb8036e][0m[38;5;86m[HTTP][0m [37m-->[39m [37mGET[39m [37m/session/4cb8036e-b650-48fd-b265-b63caac6b6d3/element/00000000-0000-0433-ffff-ffff00000062/displayed[39m [90m{}[39m
[38;5;117m[4cb8036e][0m[38;5;-177m[AndroidUiautomator2Driver@fd7c][0m Calling AppiumDriver.elementDisplayed() with args: ["00000000-0000-0433-ffff-ffff00000062","4cb8036e-b650-48fd-b265-b63caac6b6d3"]
[38;5;117m[4cb8036e][0m[38;5;-177m[AndroidUiautomator2Driver@fd7c][0m Matched '/element/00000000-0000-0433-ffff-ffff00000062/attribute/displayed' to command name 'getAttribute'
[38;5;117m[4cb8036e][0m[38;5;-177m[AndroidUiautomator2Driver@fd7c][0m Proxying [GET /element/00000000-0000-0433-ffff-ffff00000062/attribute/displayed] to [GET http://127.0.0.1:8201/session/122786cf-8f77-49b9-9c4b-47402609145a/element/00000000-0000-0433-ffff-ffff00000062/attribute/displayed] with no body
[38;5;117m[4cb8036e][0m[38;5;-177m[AndroidUiautomator2Driver@fd7c][0m Got response with status 200: {"sessionId":"122786cf-8f77-49b9-9c4b-47402609145a","value":"true"}
[38;5;117m[4cb8036e][0m[38;5;-177m[AndroidUiautomator2Driver@fd7c][0m Responding to client with driver.elementDisplayed() result: true
[38;5;117m[4cb8036e][0m[38;5;86m[HTTP][0m [37m<-- GET /session/4cb8036e-b650-48fd-b265-b63caac6b6d3/element/00000000-0000-0433-ffff-ffff00000062/displayed [39m[32m200[39m [90m12 ms - 14[39m [90m[39m
[38;5;117m[4cb8036e][0m[38;5;86m[HTTP][0m [37m-->[39m [37mGET[39m [37m/session/4cb8036e-b650-48fd-b265-b63caac6b6d3/element/00000000-0000-0433-ffff-ffff00000062/text[39m [90m{}[39m
[38;5;117m[4cb8036e][0m[38;5;-177m[AndroidUiautomator2Driver@fd7c][0m Driver proxy active, passing request on via HTTP proxy
[38;5;117m[4cb8036e][0m[38;5;-177m[AndroidUiautomator2Driver@fd7c][0m Matched '/session/4cb8036e-b650-48fd-b265-b63caac6b6d3/element/00000000-0000-0433-ffff-ffff00000062/text' to command name 'getText'
[38;5;117m[4cb8036e][0m[38;5;-177m[AndroidUiautomator2Driver@fd7c][0m Proxying [GET /session/4cb8036e-b650-48fd-b265-b63caac6b6d3/element/00000000-0000-0433-ffff-ffff00000062/text] to [GET http://127.0.0.1:8201/session/122786cf-8f77-49b9-9c4b-47402609145a/element/00000000-0000-0433-ffff-ffff00000062/text] with no body
[38;5;117m[4cb8036e][0m[38;5;-177m[AndroidUiautomator2Driver@fd7c][0m Got response with status 200: {"sessionId":"122786cf-8f77-49b9-9c4b-47402609145a","value":"When the device has Touch/FaceID (iOS) or FingerPrint enabled a biometrics button will be shown to use and test the login."}
[38;5;117m[4cb8036e][0m[38;5;-177m[AndroidUiautomator2Driver@fd7c][0m Replacing sessionId 122786cf-8f77-49b9-9c4b-47402609145a with 4cb8036e-b650-48fd-b265-b63caac6b6d3
[38;5;117m[4cb8036e][0m[38;5;86m[HTTP][0m [37m<-- GET /session/4cb8036e-b650-48fd-b265-b63caac6b6d3/element/00000000-0000-0433-ffff-ffff00000062/text [39m[32m200[39m [90m12 ms - 185[39m [90m[39m
[38;5;117m[4cb8036e][0m[38;5;86m[HTTP][0m [37m-->[39m [37mPOST[39m [37m/session/4cb8036e-b650-48fd-b265-b63caac6b6d3/element[39m [90m{"using":"xpath","value":"//android.widget.TextView[@text=\"Login\"]"}[39m
[38;5;117m[4cb8036e][0m[38;5;-177m[AndroidUiautomator2Driver@fd7c][0m Calling AppiumDriver.findElement() with args: ["xpath","//android.widget.TextView[@text=\"Login\"]","4cb8036e-b650-48fd-b265-b63caac6b6d3"]
[38;5;117m[4cb8036e][0m[38;5;-177m[AndroidUiautomator2Driver@fd7c][0m Valid locator strategies for this request: xpath, id, class name, accessibility id, css selector, -android uiautomator
[38;5;117m[4cb8036e][0m[38;5;-177m[AndroidUiautomator2Driver@fd7c][0m Waiting up to 0 ms for condition
[38;5;117m[4cb8036e][0m[38;5;-177m[AndroidUiautomator2Driver@fd7c][0m Matched '/element' to command name 'findElement'
[38;5;117m[4cb8036e][0m[38;5;-177m[AndroidUiautomator2Driver@fd7c][0m Proxying [POST /element] to [POST http://127.0.0.1:8201/session/122786cf-8f77-49b9-9c4b-47402609145a/element] with body: {"strategy":"xpath","selector":"//android.widget.TextView[@text=\"Login\"]","context":"","multiple":false}
[38;5;117m[4cb8036e][0m[38;5;-177m[AndroidUiautomator2Driver@fd7c][0m Got response with status 200: {"sessionId":"122786cf-8f77-49b9-9c4b-47402609145a","value":{"ELEMENT":"00000000-0000-0433-ffff-ffff00000054","element-6066-11e4-a52e-4f735466cecf":"00000000-0000-0433-ffff-ffff00000054"}}
[38;5;117m[4cb8036e][0m[38;5;-177m[AndroidUiautomator2Driver@fd7c][0m Responding to client with driver.findElement() result: {"element-6066-11e4-a52e-4f735466cecf":"00000000-0000-0433-ffff-ffff00000054","ELEMENT":"00000000-0000-0433-ffff-ffff00000054"}
[38;5;117m[4cb8036e][0m[38;5;86m[HTTP][0m [37m<-- POST /session/4cb8036e-b650-48fd-b265-b63caac6b6d3/element [39m[32m200[39m [90m90 ms - 137[39m [90m[39m
[38;5;117m[4cb8036e][0m[38;5;86m[HTTP][0m [37m-->[39m [37mGET[39m [37m/session/4cb8036e-b650-48fd-b265-b63caac6b6d3/element/00000000-0000-0433-ffff-ffff00000054/displayed[39m [90m{}[39m
[38;5;117m[4cb8036e][0m[38;5;-177m[AndroidUiautomator2Driver@fd7c][0m Calling AppiumDriver.elementDisplayed() with args: ["00000000-0000-0433-ffff-ffff00000054","4cb8036e-b650-48fd-b265-b63caac6b6d3"]
[38;5;117m[4cb8036e][0m[38;5;-177m[AndroidUiautomator2Driver@fd7c][0m Matched '/element/00000000-0000-0433-ffff-ffff00000054/attribute/displayed' to command name 'getAttribute'
[38;5;117m[4cb8036e][0m[38;5;-177m[AndroidUiautomator2Driver@fd7c][0m Proxying [GET /element/00000000-0000-0433-ffff-ffff00000054/attribute/displayed] to [GET http://127.0.0.1:8201/session/122786cf-8f77-49b9-9c4b-47402609145a/element/00000000-0000-0433-ffff-ffff00000054/attribute/displayed] with no body
[38;5;117m[4cb8036e][0m[38;5;-177m[AndroidUiautomator2Driver@fd7c][0m Got response with status 200: {"sessionId":"122786cf-8f77-49b9-9c4b-47402609145a","value":"true"}
[38;5;117m[4cb8036e][0m[38;5;-177m[AndroidUiautomator2Driver@fd7c][0m Responding to client with driver.elementDisplayed() result: true
[38;5;117m[4cb8036e][0m[38;5;86m[HTTP][0m [37m<-- GET /session/4cb8036e-b650-48fd-b265-b63caac6b6d3/element/00000000-0000-0433-ffff-ffff00000054/displayed [39m[32m200[39m [90m11 ms - 14[39m [90m[39m
[38;5;117m[4cb8036e][0m[38;5;86m[HTTP][0m [37m-->[39m [37mPOST[39m [37m/session/4cb8036e-b650-48fd-b265-b63caac6b6d3/element/00000000-0000-0433-ffff-ffff00000054/click[39m [90m{}[39m
[38;5;117m[4cb8036e][0m[38;5;-177m[AndroidUiautomator2Driver@fd7c][0m Calling AppiumDriver.click() with args: ["00000000-0000-0433-ffff-ffff00000054","4cb8036e-b650-48fd-b265-b63caac6b6d3"]
[38;5;117m[4cb8036e][0m[38;5;-177m[AndroidUiautomator2Driver@fd7c][0m Matched '/element/00000000-0000-0433-ffff-ffff00000054/click' to command name 'click'
[38;5;117m[4cb8036e][0m[38;5;-177m[AndroidUiautomator2Driver@fd7c][0m Proxying [POST /element/00000000-0000-0433-ffff-ffff00000054/click] to [POST http://127.0.0.1:8201/session/122786cf-8f77-49b9-9c4b-47402609145a/element/00000000-0000-0433-ffff-ffff00000054/click] with body: {"element":"00000000-0000-0433-ffff-ffff00000054"}
[38;5;117m[4cb8036e][0m[38;5;-177m[AndroidUiautomator2Driver@fd7c][0m Got response with status 200: {"sessionId":"122786cf-8f77-49b9-9c4b-47402609145a","value":null}
[38;5;117m[4cb8036e][0m[38;5;-177m[AndroidUiautomator2Driver@fd7c][0m Responding to client with driver.click() result: null
[38;5;117m[4cb8036e][0m[38;5;86m[HTTP][0m [37m<-- POST /session/4cb8036e-b650-48fd-b265-b63caac6b6d3/element/00000000-0000-0433-ffff-ffff00000054/click [39m[32m200[39m [90m76 ms - 14[39m [90m[39m
[38;5;117m[4cb8036e][0m[38;5;86m[HTTP][0m [37m-->[39m [37mPOST[39m [37m/session/4cb8036e-b650-48fd-b265-b63caac6b6d3/element[39m [90m{"using":"xpath","value":"//android.widget.EditText[@content-desc=\"input-email\"]"}[39m
[38;5;117m[4cb8036e][0m[38;5;-177m[AndroidUiautomator2Driver@fd7c][0m Calling AppiumDriver.findElement() with args: ["xpath","//android.widget.EditText[@content-desc=\"input-email\"]","4cb8036e-b650-48fd-b265-b63caac6b6d3"]
[38;5;117m[4cb8036e][0m[38;5;-177m[AndroidUiautomator2Driver@fd7c][0m Valid locator strategies for this request: xpath, id, class name, accessibility id, css selector, -android uiautomator
[38;5;117m[4cb8036e][0m[38;5;-177m[AndroidUiautomator2Driver@fd7c][0m Waiting up to 0 ms for condition
[38;5;117m[4cb8036e][0m[38;5;-177m[AndroidUiautomator2Driver@fd7c][0m Matched '/element' to command name 'findElement'
[38;5;117m[4cb8036e][0m[38;5;-177m[AndroidUiautomator2Driver@fd7c][0m Proxying [POST /element] to [POST http://127.0.0.1:8201/session/122786cf-8f77-49b9-9c4b-47402609145a/element] with body: {"strategy":"xpath","selector":"//android.widget.EditText[@content-desc=\"input-email\"]","context":"","multiple":false}
[38;5;117m[4cb8036e][0m[38;5;-177m[AndroidUiautomator2Driver@fd7c][0m Got response with status 200: {"sessionId":"122786cf-8f77-49b9-9c4b-47402609145a","value":{"ELEMENT":"00000000-0000-0433-ffff-ffff0000005c","element-6066-11e4-a52e-4f735466cecf":"00000000-0000-0433-ffff-ffff0000005c"}}
[38;5;117m[4cb8036e][0m[38;5;-177m[AndroidUiautomator2Driver@fd7c][0m Responding to client with driver.findElement() result: {"element-6066-11e4-a52e-4f735466cecf":"00000000-0000-0433-ffff-ffff0000005c","ELEMENT":"00000000-0000-0433-ffff-ffff0000005c"}
[38;5;117m[4cb8036e][0m[38;5;86m[HTTP][0m [37m<-- POST /session/4cb8036e-b650-48fd-b265-b63caac6b6d3/element [39m[32m200[39m [90m84 ms - 137[39m [90m[39m
[38;5;117m[4cb8036e][0m[38;5;86m[HTTP][0m [37m-->[39m [37mGET[39m [37m/session/4cb8036e-b650-48fd-b265-b63caac6b6d3/element/00000000-0000-0433-ffff-ffff0000005c/displayed[39m [90m{}[39m
[38;5;117m[4cb8036e][0m[38;5;-177m[AndroidUiautomator2Driver@fd7c][0m Calling AppiumDriver.elementDisplayed() with args: ["00000000-0000-0433-ffff-ffff0000005c","4cb8036e-b650-48fd-b265-b63caac6b6d3"]
[38;5;117m[4cb8036e][0m[38;5;-177m[AndroidUiautomator2Driver@fd7c][0m Matched '/element/00000000-0000-0433-ffff-ffff0000005c/attribute/displayed' to command name 'getAttribute'
[38;5;117m[4cb8036e][0m[38;5;-177m[AndroidUiautomator2Driver@fd7c][0m Proxying [GET /element/00000000-0000-0433-ffff-ffff0000005c/attribute/displayed] to [GET http://127.0.0.1:8201/session/122786cf-8f77-49b9-9c4b-47402609145a/element/00000000-0000-0433-ffff-ffff0000005c/attribute/displayed] with no body
[38;5;117m[4cb8036e][0m[38;5;-177m[AndroidUiautomator2Driver@fd7c][0m Got response with status 200: {"sessionId":"122786cf-8f77-49b9-9c4b-47402609145a","value":"true"}
[38;5;117m[4cb8036e][0m[38;5;-177m[AndroidUiautomator2Driver@fd7c][0m Responding to client with driver.elementDisplayed() result: true
[38;5;117m[4cb8036e][0m[38;5;86m[HTTP][0m [37m<-- GET /session/4cb8036e-b650-48fd-b265-b63caac6b6d3/element/00000000-0000-0433-ffff-ffff0000005c/displayed [39m[32m200[39m [90m15 ms - 14[39m [90m[39m
[38;5;117m[4cb8036e][0m[38;5;86m[HTTP][0m [37m-->[39m [37mGET[39m [37m/session/4cb8036e-b650-48fd-b265-b63caac6b6d3/element/00000000-0000-0433-ffff-ffff0000005c/enabled[39m [90m{}[39m
[38;5;117m[4cb8036e][0m[38;5;-177m[AndroidUiautomator2Driver@fd7c][0m Calling AppiumDriver.elementEnabled() with args: ["00000000-0000-0433-ffff-ffff0000005c","4cb8036e-b650-48fd-b265-b63caac6b6d3"]
[38;5;117m[4cb8036e][0m[38;5;-177m[AndroidUiautomator2Driver@fd7c][0m Matched '/element/00000000-0000-0433-ffff-ffff0000005c/attribute/enabled' to command name 'getAttribute'
[38;5;117m[4cb8036e][0m[38;5;-177m[AndroidUiautomator2Driver@fd7c][0m Proxying [GET /element/00000000-0000-0433-ffff-ffff0000005c/attribute/enabled] to [GET http://127.0.0.1:8201/session/122786cf-8f77-49b9-9c4b-47402609145a/element/00000000-0000-0433-ffff-ffff0000005c/attribute/enabled] with no body
[38;5;117m[4cb8036e][0m[38;5;-177m[AndroidUiautomator2Driver@fd7c][0m Got response with status 200: {"sessionId":"122786cf-8f77-49b9-9c4b-47402609145a","value":"true"}
[38;5;117m[4cb8036e][0m[38;5;-177m[AndroidUiautomator2Driver@fd7c][0m Responding to client with driver.elementEnabled() result: true
[38;5;117m[4cb8036e][0m[38;5;86m[HTTP][0m [37m<-- GET /session/4cb8036e-b650-48fd-b265-b63caac6b6d3/element/00000000-0000-0433-ffff-ffff0000005c/enabled [39m[32m200[39m [90m13 ms - 14[39m [90m[39m
[38;5;117m[4cb8036e][0m[38;5;86m[HTTP][0m [37m-->[39m [37mPOST[39m [37m/session/4cb8036e-b650-48fd-b265-b63caac6b6d3/element/00000000-0000-0433-ffff-ffff0000005c/value[39m [90m{"text":"MarlonAmorim@gmail.com"}[39m
[38;5;117m[4cb8036e][0m[38;5;-177m[AndroidUiautomator2Driver@fd7c][0m Calling AppiumDriver.setValue() with args: ["MarlonAmorim@gmail.com","00000000-0000-0433-ffff-ffff0000005c","4cb8036e-b650-48fd-b265-b63caac6b6d3"]
[38;5;117m[4cb8036e][0m[38;5;-177m[AndroidUiautomator2Driver@fd7c][0m Matched '/element/00000000-0000-0433-ffff-ffff0000005c/value' to command name 'setValue'
[38;5;117m[4cb8036e][0m[38;5;-177m[AndroidUiautomator2Driver@fd7c][0m Added 'value' property ["M","a","r","l","o","n","A","m","o","r","i","m","@","g","m","a","i","l",".","c","o","m"] to 'setValue' request body
[38;5;117m[4cb8036e][0m[38;5;-177m[AndroidUiautomator2Driver@fd7c][0m Proxying [POST /element/00000000-0000-0433-ffff-ffff0000005c/value] to [POST http://127.0.0.1:8201/session/122786cf-8f77-49b9-9c4b-47402609145a/element/00000000-0000-0433-ffff-ffff0000005c/value] with body: {"elementId":"00000000-0000-0433-ffff-ffff0000005c","text":"MarlonAmorim@gmail.com","replace":false,"value":["M","a","r","l","o","n","A","m","o","r","i","m","@","g","m","a","i","l",".","c","o","m"]}
[38;5;117m[4cb8036e][0m[38;5;-177m[AndroidUiautomator2Driver@fd7c][0m Got response with status 200: {"sessionId":"122786cf-8f77-49b9-9c4b-47402609145a","value":null}
[38;5;117m[4cb8036e][0m[38;5;-177m[AndroidUiautomator2Driver@fd7c][0m Responding to client with driver.setValue() result: null
[38;5;117m[4cb8036e][0m[38;5;86m[HTTP][0m [37m<-- POST /session/4cb8036e-b650-48fd-b265-b63caac6b6d3/element/00000000-0000-0433-ffff-ffff0000005c/value [39m[32m200[39m [90m539 ms - 14[39m [90m[39m
[38;5;117m[4cb8036e][0m[38;5;86m[HTTP][0m [37m-->[39m [37mPOST[39m [37m/session/4cb8036e-b650-48fd-b265-b63caac6b6d3/element[39m [90m{"using":"xpath","value":"//android.widget.EditText[@content-desc=\"input-password\"]"}[39m
[38;5;117m[4cb8036e][0m[38;5;-177m[AndroidUiautomator2Driver@fd7c][0m Calling AppiumDriver.findElement() with args: ["xpath","//android.widget.EditText[@content-desc=\"input-password\"]","4cb8036e-b650-48fd-b265-b63caac6b6d3"]
[38;5;117m[4cb8036e][0m[38;5;-177m[AndroidUiautomator2Driver@fd7c][0m Valid locator strategies for this request: xpath, id, class name, accessibility id, css selector, -android uiautomator
[38;5;117m[4cb8036e][0m[38;5;-177m[AndroidUiautomator2Driver@fd7c][0m Waiting up to 0 ms for condition
[38;5;117m[4cb8036e][0m[38;5;-177m[AndroidUiautomator2Driver@fd7c][0m Matched '/element' to command name 'findElement'
[38;5;117m[4cb8036e][0m[38;5;-177m[AndroidUiautomator2Driver@fd7c][0m Proxying [POST /element] to [POST http://127.0.0.1:8201/session/122786cf-8f77-49b9-9c4b-47402609145a/element] with body: {"strategy":"xpath","selector":"//android.widget.EditText[@content-desc=\"input-password\"]","context":"","multiple":false}
[38;5;117m[4cb8036e][0m[38;5;-177m[AndroidUiautomator2Driver@fd7c][0m Got response with status 200: {"sessionId":"122786cf-8f77-49b9-9c4b-47402609145a","value":{"ELEMENT":"00000000-0000-0433-ffff-ffff00000060","element-6066-11e4-a52e-4f735466cecf":"00000000-0000-0433-ffff-ffff00000060"}}
[38;5;117m[4cb8036e][0m[38;5;-177m[AndroidUiautomator2Driver@fd7c][0m Responding to client with driver.findElement() result: {"element-6066-11e4-a52e-4f735466cecf":"00000000-0000-0433-ffff-ffff00000060","ELEMENT":"00000000-0000-0433-ffff-ffff00000060"}
[38;5;117m[4cb8036e][0m[38;5;86m[HTTP][0m [37m<-- POST /session/4cb8036e-b650-48fd-b265-b63caac6b6d3/element [39m[32m200[39m [90m562 ms - 137[39m [90m[39m
[38;5;117m[4cb8036e][0m[38;5;86m[HTTP][0m [37m-->[39m [37mGET[39m [37m/session/4cb8036e-b650-48fd-b265-b63caac6b6d3/element/00000000-0000-0433-ffff-ffff00000060/displayed[39m [90m{}[39m
[38;5;117m[4cb8036e][0m[38;5;-177m[AndroidUiautomator2Driver@fd7c][0m Calling AppiumDriver.elementDisplayed() with args: ["00000000-0000-0433-ffff-ffff00000060","4cb8036e-b650-48fd-b265-b63caac6b6d3"]
[38;5;117m[4cb8036e][0m[38;5;-177m[AndroidUiautomator2Driver@fd7c][0m Matched '/element/00000000-0000-0433-ffff-ffff00000060/attribute/displayed' to command name 'getAttribute'
[38;5;117m[4cb8036e][0m[38;5;-177m[AndroidUiautomator2Driver@fd7c][0m Proxying [GET /element/00000000-0000-0433-ffff-ffff00000060/attribute/displayed] to [GET http://127.0.0.1:8201/session/122786cf-8f77-49b9-9c4b-47402609145a/element/00000000-0000-0433-ffff-ffff00000060/attribute/displayed] with no body
[38;5;117m[4cb8036e][0m[38;5;-177m[AndroidUiautomator2Driver@fd7c][0m Got response with status 200: {"sessionId":"122786cf-8f77-49b9-9c4b-47402609145a","value":"true"}
[38;5;117m[4cb8036e][0m[38;5;-177m[AndroidUiautomator2Driver@fd7c][0m Responding to client with driver.elementDisplayed() result: true
[38;5;117m[4cb8036e][0m[38;5;86m[HTTP][0m [37m<-- GET /session/4cb8036e-b650-48fd-b265-b63caac6b6d3/element/00000000-0000-0433-ffff-ffff00000060/displayed [39m[32m200[39m [90m12 ms - 14[39m [90m[39m
[38;5;117m[4cb8036e][0m[38;5;86m[HTTP][0m [37m-->[39m [37mGET[39m [37m/session/4cb8036e-b650-48fd-b265-b63caac6b6d3/element/00000000-0000-0433-ffff-ffff00000060/enabled[39m [90m{}[39m
[38;5;117m[4cb8036e][0m[38;5;-177m[AndroidUiautomator2Driver@fd7c][0m Calling AppiumDriver.elementEnabled() with args: ["00000000-0000-0433-ffff-ffff00000060","4cb8036e-b650-48fd-b265-b63caac6b6d3"]
[38;5;117m[4cb8036e][0m[38;5;-177m[AndroidUiautomator2Driver@fd7c][0m Matched '/element/00000000-0000-0433-ffff-ffff00000060/attribute/enabled' to command name 'getAttribute'
[38;5;117m[4cb8036e][0m[38;5;-177m[AndroidUiautomator2Driver@fd7c][0m Proxying [GET /element/00000000-0000-0433-ffff-ffff00000060/attribute/enabled] to [GET http://127.0.0.1:8201/session/122786cf-8f77-49b9-9c4b-47402609145a/element/00000000-0000-0433-ffff-ffff00000060/attribute/enabled] with no body
[38;5;117m[4cb8036e][0m[38;5;-177m[AndroidUiautomator2Driver@fd7c][0m Got response with status 200: {"sessionId":"122786cf-8f77-49b9-9c4b-47402609145a","value":"true"}
[38;5;117m[4cb8036e][0m[38;5;-177m[AndroidUiautomator2Driver@fd7c][0m Responding to client with driver.elementEnabled() result: true
[38;5;117m[4cb8036e][0m[38;5;86m[HTTP][0m [37m<-- GET /session/4cb8036e-b650-48fd-b265-b63caac6b6d3/element/00000000-0000-0433-ffff-ffff00000060/enabled [39m[32m200[39m [90m12 ms - 14[39m [90m[39m
[38;5;117m[4cb8036e][0m[38;5;86m[HTTP][0m [37m-->[39m [37mPOST[39m [37m/session/4cb8036e-b650-48fd-b265-b63caac6b6d3/element/00000000-0000-0433-ffff-ffff00000060/value[39m [90m{"text":"Marlon123teste"}[39m
[38;5;117m[4cb8036e][0m[38;5;-177m[AndroidUiautomator2Driver@fd7c][0m Calling AppiumDriver.setValue() with args: ["Marlon123teste","00000000-0000-0433-ffff-ffff00000060","4cb8036e-b650-48fd-b265-b63caac6b6d3"]
[38;5;117m[4cb8036e][0m[38;5;-177m[AndroidUiautomator2Driver@fd7c][0m Matched '/element/00000000-0000-0433-ffff-ffff00000060/value' to command name 'setValue'
[38;5;117m[4cb8036e][0m[38;5;-177m[AndroidUiautomator2Driver@fd7c][0m Added 'value' property ["M","a","r","l","o","n","1","2","3","t","e","s","t","e"] to 'setValue' request body
[38;5;117m[4cb8036e][0m[38;5;-177m[AndroidUiautomator2Driver@fd7c][0m Proxying [POST /element/00000000-0000-0433-ffff-ffff00000060/value] to [POST http://127.0.0.1:8201/session/122786cf-8f77-49b9-9c4b-47402609145a/element/00000000-0000-0433-ffff-ffff00000060/value] with body: {"elementId":"00000000-0000-0433-ffff-ffff00000060","text":"Marlon123teste","replace":false,"value":["M","a","r","l","o","n","1","2","3","t","e","s","t","e"]}
[38;5;117m[4cb8036e][0m[38;5;-177m[AndroidUiautomator2Driver@fd7c][0m Got response with status 200: {"sessionId":"122786cf-8f77-49b9-9c4b-47402609145a","value":null}
[38;5;117m[4cb8036e][0m[38;5;-177m[AndroidUiautomator2Driver@fd7c][0m Responding to client with driver.setValue() result: null
[38;5;117m[4cb8036e][0m[38;5;86m[HTTP][0m [37m<-- POST /session/4cb8036e-b650-48fd-b265-b63caac6b6d3/element/00000000-0000-0433-ffff-ffff00000060/value [39m[32m200[39m [90m530 ms - 14[39m [90m[39m
[38;5;117m[4cb8036e][0m[38;5;86m[HTTP][0m [37m-->[39m [37mPOST[39m [37m/session/4cb8036e-b650-48fd-b265-b63caac6b6d3/element[39m [90m{"using":"xpath","value":"//android.view.ViewGroup[@content-desc=\"button-LOGIN\"]/android.view.ViewGroup"}[39m
[38;5;117m[4cb8036e][0m[38;5;-177m[AndroidUiautomator2Driver@fd7c][0m Calling AppiumDriver.findElement() with args: ["xpath","//android.view.ViewGroup[@content-desc=\"button-LOGIN\"]/android.view.ViewGroup","4cb8036e-b650-48fd-b265-b63caac6b6d3"]
[38;5;117m[4cb8036e][0m[38;5;-177m[AndroidUiautomator2Driver@fd7c][0m Valid locator strategies for this request: xpath, id, class name, accessibility id, css selector, -android uiautomator
[38;5;117m[4cb8036e][0m[38;5;-177m[AndroidUiautomator2Driver@fd7c][0m Waiting up to 0 ms for condition
[38;5;117m[4cb8036e][0m[38;5;-177m[AndroidUiautomator2Driver@fd7c][0m Matched '/element' to command name 'findElement'
[38;5;117m[4cb8036e][0m[38;5;-177m[AndroidUiautomator2Driver@fd7c][0m Proxying [POST /element] to [POST http://127.0.0.1:8201/session/122786cf-8f77-49b9-9c4b-47402609145a/element] with body: {"strategy":"xpath","selector":"//android.view.ViewGroup[@content-desc=\"button-LOGIN\"]/android.view.ViewGroup","context":"","multiple":false}
[38;5;117m[4cb8036e][0m[38;5;-177m[AndroidUiautomator2Driver@fd7c][0m Got response with status 200: {"sessionId":"122786cf-8f77-49b9-9c4b-47402609145a","value":{"ELEMENT":"00000000-0000-0433-ffff-ffff00000064","element-6066-11e4-a52e-4f735466cecf":"00000000-0000-0433-ffff-ffff00000064"}}
[38;5;117m[4cb8036e][0m[38;5;-177m[AndroidUiautomator2Driver@fd7c][0m Responding to client with driver.findElement() result: {"element-6066-11e4-a52e-4f735466cecf":"00000000-0000-0433-ffff-ffff00000064","ELEMENT":"00000000-0000-0433-ffff-ffff00000064"}
[38;5;117m[4cb8036e][0m[38;5;86m[HTTP][0m [37m<-- POST /session/4cb8036e-b650-48fd-b265-b63caac6b6d3/element [39m[32m200[39m [90m554 ms - 137[39m [90m[39m
[38;5;117m[4cb8036e][0m[38;5;86m[HTTP][0m [37m-->[39m [37mGET[39m [37m/session/4cb8036e-b650-48fd-b265-b63caac6b6d3/element/00000000-0000-0433-ffff-ffff00000064/displayed[39m [90m{}[39m
[38;5;117m[4cb8036e][0m[38;5;-177m[AndroidUiautomator2Driver@fd7c][0m Calling AppiumDriver.elementDisplayed() with args: ["00000000-0000-0433-ffff-ffff00000064","4cb8036e-b650-48fd-b265-b63caac6b6d3"]
[38;5;117m[4cb8036e][0m[38;5;-177m[AndroidUiautomator2Driver@fd7c][0m Matched '/element/00000000-0000-0433-ffff-ffff00000064/attribute/displayed' to command name 'getAttribute'
[38;5;117m[4cb8036e][0m[38;5;-177m[AndroidUiautomator2Driver@fd7c][0m Proxying [GET /element/00000000-0000-0433-ffff-ffff00000064/attribute/displayed] to [GET http://127.0.0.1:8201/session/122786cf-8f77-49b9-9c4b-47402609145a/element/00000000-0000-0433-ffff-ffff00000064/attribute/displayed] with no body
[38;5;117m[4cb8036e][0m[38;5;-177m[AndroidUiautomator2Driver@fd7c][0m Got response with status 200: {"sessionId":"122786cf-8f77-49b9-9c4b-47402609145a","value":"true"}
[38;5;117m[4cb8036e][0m[38;5;-177m[AndroidUiautomator2Driver@fd7c][0m Responding to client with driver.elementDisplayed() result: true
[38;5;117m[4cb8036e][0m[38;5;86m[HTTP][0m [37m<-- GET /session/4cb8036e-b650-48fd-b265-b63caac6b6d3/element/00000000-0000-0433-ffff-ffff00000064/displayed [39m[32m200[39m [90m12 ms - 14[39m [90m[39m
[38;5;117m[4cb8036e][0m[38;5;86m[HTTP][0m [37m-->[39m [37mPOST[39m [37m/session/4cb8036e-b650-48fd-b265-b63caac6b6d3/element/00000000-0000-0433-ffff-ffff00000064/click[39m [90m{}[39m
[38;5;117m[4cb8036e][0m[38;5;-177m[AndroidUiautomator2Driver@fd7c][0m Calling AppiumDriver.click() with args: ["00000000-0000-0433-ffff-ffff00000064","4cb8036e-b650-48fd-b265-b63caac6b6d3"]
[38;5;117m[4cb8036e][0m[38;5;-177m[AndroidUiautomator2Driver@fd7c][0m Matched '/element/00000000-0000-0433-ffff-ffff00000064/click' to command name 'click'
[38;5;117m[4cb8036e][0m[38;5;-177m[AndroidUiautomator2Driver@fd7c][0m Proxying [POST /element/00000000-0000-0433-ffff-ffff00000064/click] to [POST http://127.0.0.1:8201/session/122786cf-8f77-49b9-9c4b-47402609145a/element/00000000-0000-0433-ffff-ffff00000064/click] with body: {"element":"00000000-0000-0433-ffff-ffff00000064"}
[38;5;117m[4cb8036e][0m[38;5;-177m[AndroidUiautomator2Driver@fd7c][0m Got response with status 200: {"sessionId":"122786cf-8f77-49b9-9c4b-47402609145a","value":null}
[38;5;117m[4cb8036e][0m[38;5;-177m[AndroidUiautomator2Driver@fd7c][0m Responding to client with driver.click() result: null
[38;5;117m[4cb8036e][0m[38;5;86m[HTTP][0m [37m<-- POST /session/4cb8036e-b650-48fd-b265-b63caac6b6d3/element/00000000-0000-0433-ffff-ffff00000064/click [39m[32m200[39m [90m73 ms - 14[39m [90m[39m
[38;5;117m[4cb8036e][0m[38;5;86m[HTTP][0m [37m-->[39m [37mPOST[39m [37m/session/4cb8036e-b650-48fd-b265-b63caac6b6d3/element[39m [90m{"using":"xpath","value":"//android.widget.Button[@text=\"OK\"]"}[39m
[38;5;117m[4cb8036e][0m[38;5;-177m[AndroidUiautomator2Driver@fd7c][0m Calling AppiumDriver.findElement() with args: ["xpath","//android.widget.Button[@text=\"OK\"]","4cb8036e-b650-48fd-b265-b63caac6b6d3"]
[38;5;117m[4cb8036e][0m[38;5;-177m[AndroidUiautomator2Driver@fd7c][0m Valid locator strategies for this request: xpath, id, class name, accessibility id, css selector, -android uiautomator
[38;5;117m[4cb8036e][0m[38;5;-177m[AndroidUiautomator2Driver@fd7c][0m Waiting up to 0 ms for condition
[38;5;117m[4cb8036e][0m[38;5;-177m[AndroidUiautomator2Driver@fd7c][0m Matched '/element' to command name 'findElement'
[38;5;117m[4cb8036e][0m[38;5;-177m[AndroidUiautomator2Driver@fd7c][0m Proxying [POST /element] to [POST http://127.0.0.1:8201/session/122786cf-8f77-49b9-9c4b-47402609145a/element] with body: {"strategy":"xpath","selector":"//android.widget.Button[@text=\"OK\"]","context":"","multiple":false}
[38;5;117m[4cb8036e][0m[38;5;-177m[AndroidUiautomator2Driver@fd7c][0m Got response with status 404: {"sessionId":"122786cf-8f77-49b9-9c4b-47402609145a","value":{"error":"no such element","message":"An element could not be located on the page using the given search parameters","stacktrace":"io.appium.uiautomator2.common.exceptions.ElementNotFoundException: An element could not be located on the page using the given search parameters\n\tat io.appium.uiautomator2.utils.ElementLocationHelpers.findElement(ElementLocationHelpers.java:156)\n\tat io.appium.uiautomator2.handler.FindElement.safeHandle(FindElement.java:60)\n\tat io.appium.uiautomator2.handler.request.SafeRequestHandler.handle(SafeRequestHandler.java:59)\n\tat io.appium.uiautomator2.server.AppiumServlet.handleRequest(AppiumServlet.java:259)\n\tat io.appium.uiautomator2.server.AppiumServlet.handleHttpRequest(AppiumServlet.java:253)\n\tat io.appium.uiautomator2.http.ServerHandler.channelRead(ServerHandler.java:77)\n\tat io.netty.channel.AbstractChannelHandlerContext.invokeChannelRead(AbstractChannelHandlerContext.java:374)\n\tat io.netty.channel.Abstr...
[38;5;117m[4cb8036e][0m[38;5;123m[W3C][0m Matched W3C error code 'no such element' to NoSuchElementError
[38;5;117m[4cb8036e][0m[38;5;-177m[AndroidUiautomator2Driver@fd7c][0m Encountered internal error running command: NoSuchElementError: An element could not be located on the page using the given search parameters.
    at AndroidUiautomator2Driver.findElOrEls (C:\Users\sddam\OneDrive\Documentos\automacao\projeto-apresentacao\automacao-webdriverIO\node_modules\appium-uiautomator2-driver\node_modules\appium-android-driver\lib\commands\find.ts:86:11)
    at processTicksAndRejections (node:internal/process/task_queues:105:5)
    at AndroidUiautomator2Driver.findElOrElsWithProcessing (C:\Users\sddam\OneDrive\Documentos\automacao\projeto-apresentacao\automacao-webdriverIO\node_modules\appium-uiautomator2-driver\node_modules\@appium\base-driver\lib\basedriver\commands\find.ts:60:12)
    at AndroidUiautomator2Driver.findElement (C:\Users\sddam\OneDrive\Documentos\automacao\projeto-apresentacao\automacao-webdriverIO\node_modules\appium-uiautomator2-driver\node_modules\@appium\base-driver\lib\basedriver\commands\find.ts:75:12)
[38;5;117m[4cb8036e][0m[38;5;86m[HTTP][0m [37m<-- POST /session/4cb8036e-b650-48fd-b265-b63caac6b6d3/element [39m[33m404[39m [90m102 ms - 1110[39m [90m[39m
[38;5;117m[4cb8036e][0m[38;5;86m[HTTP][0m [37m-->[39m [37mPOST[39m [37m/session/4cb8036e-b650-48fd-b265-b63caac6b6d3/element[39m [90m{"using":"xpath","value":"//android.widget.Button[@text=\"OK\"]"}[39m
[38;5;117m[4cb8036e][0m[38;5;-177m[AndroidUiautomator2Driver@fd7c][0m Calling AppiumDriver.findElement() with args: ["xpath","//android.widget.Button[@text=\"OK\"]","4cb8036e-b650-48fd-b265-b63caac6b6d3"]
[38;5;117m[4cb8036e][0m[38;5;-177m[AndroidUiautomator2Driver@fd7c][0m Valid locator strategies for this request: xpath, id, class name, accessibility id, css selector, -android uiautomator
[38;5;117m[4cb8036e][0m[38;5;-177m[AndroidUiautomator2Driver@fd7c][0m Waiting up to 0 ms for condition
[38;5;117m[4cb8036e][0m[38;5;-177m[AndroidUiautomator2Driver@fd7c][0m Matched '/element' to command name 'findElement'
[38;5;117m[4cb8036e][0m[38;5;-177m[AndroidUiautomator2Driver@fd7c][0m Proxying [POST /element] to [POST http://127.0.0.1:8201/session/122786cf-8f77-49b9-9c4b-47402609145a/element] with body: {"strategy":"xpath","selector":"//android.widget.Button[@text=\"OK\"]","context":"","multiple":false}
[38;5;117m[4cb8036e][0m[38;5;-177m[AndroidUiautomator2Driver@fd7c][0m Got response with status 404: {"sessionId":"122786cf-8f77-49b9-9c4b-47402609145a","value":{"error":"no such element","message":"An element could not be located on the page using the given search parameters","stacktrace":"io.appium.uiautomator2.common.exceptions.ElementNotFoundException: An element could not be located on the page using the given search parameters\n\tat io.appium.uiautomator2.utils.ElementLocationHelpers.findElement(ElementLocationHelpers.java:156)\n\tat io.appium.uiautomator2.handler.FindElement.safeHandle(FindElement.java:60)\n\tat io.appium.uiautomator2.handler.request.SafeRequestHandler.handle(SafeRequestHandler.java:59)\n\tat io.appium.uiautomator2.server.AppiumServlet.handleRequest(AppiumServlet.java:259)\n\tat io.appium.uiautomator2.server.AppiumServlet.handleHttpRequest(AppiumServlet.java:253)\n\tat io.appium.uiautomator2.http.ServerHandler.channelRead(ServerHandler.java:77)\n\tat io.netty.channel.AbstractChannelHandlerContext.invokeChannelRead(AbstractChannelHandlerContext.java:374)\n\tat io.netty.channel.Abstr...
[38;5;117m[4cb8036e][0m[38;5;123m[W3C][0m Matched W3C error code 'no such element' to NoSuchElementError
[38;5;117m[4cb8036e][0m[38;5;-177m[AndroidUiautomator2Driver@fd7c][0m Encountered internal error running command: NoSuchElementError: An element could not be located on the page using the given search parameters.
    at AndroidUiautomator2Driver.findElOrEls (C:\Users\sddam\OneDrive\Documentos\automacao\projeto-apresentacao\automacao-webdriverIO\node_modules\appium-uiautomator2-driver\node_modules\appium-android-driver\lib\commands\find.ts:86:11)
    at processTicksAndRejections (node:internal/process/task_queues:105:5)
    at AndroidUiautomator2Driver.findElOrElsWithProcessing (C:\Users\sddam\OneDrive\Documentos\automacao\projeto-apresentacao\automacao-webdriverIO\node_modules\appium-uiautomator2-driver\node_modules\@appium\base-driver\lib\basedriver\commands\find.ts:60:12)
    at AndroidUiautomator2Driver.findElement (C:\Users\sddam\OneDrive\Documentos\automacao\projeto-apresentacao\automacao-webdriverIO\node_modules\appium-uiautomator2-driver\node_modules\@appium\base-driver\lib\basedriver\commands\find.ts:75:12)
[38;5;117m[4cb8036e][0m[38;5;86m[HTTP][0m [37m<-- POST /session/4cb8036e-b650-48fd-b265-b63caac6b6d3/element [39m[33m404[39m [90m597 ms - 1110[39m [90m[39m
[38;5;117m[4cb8036e][0m[38;5;86m[HTTP][0m [37m-->[39m [37mPOST[39m [37m/session/4cb8036e-b650-48fd-b265-b63caac6b6d3/element[39m [90m{"using":"xpath","value":"//android.widget.Button[@text=\"OK\"]"}[39m
[38;5;117m[4cb8036e][0m[38;5;-177m[AndroidUiautomator2Driver@fd7c][0m Calling AppiumDriver.findElement() with args: ["xpath","//android.widget.Button[@text=\"OK\"]","4cb8036e-b650-48fd-b265-b63caac6b6d3"]
[38;5;117m[4cb8036e][0m[38;5;-177m[AndroidUiautomator2Driver@fd7c][0m Valid locator strategies for this request: xpath, id, class name, accessibility id, css selector, -android uiautomator
[38;5;117m[4cb8036e][0m[38;5;-177m[AndroidUiautomator2Driver@fd7c][0m Waiting up to 0 ms for condition
[38;5;117m[4cb8036e][0m[38;5;-177m[AndroidUiautomator2Driver@fd7c][0m Matched '/element' to command name 'findElement'
[38;5;117m[4cb8036e][0m[38;5;-177m[AndroidUiautomator2Driver@fd7c][0m Proxying [POST /element] to [POST http://127.0.0.1:8201/session/122786cf-8f77-49b9-9c4b-47402609145a/element] with body: {"strategy":"xpath","selector":"//android.widget.Button[@text=\"OK\"]","context":"","multiple":false}
[38;5;117m[4cb8036e][0m[38;5;-177m[AndroidUiautomator2Driver@fd7c][0m Got response with status 404: {"sessionId":"122786cf-8f77-49b9-9c4b-47402609145a","value":{"error":"no such element","message":"An element could not be located on the page using the given search parameters","stacktrace":"io.appium.uiautomator2.common.exceptions.ElementNotFoundException: An element could not be located on the page using the given search parameters\n\tat io.appium.uiautomator2.utils.ElementLocationHelpers.findElement(ElementLocationHelpers.java:156)\n\tat io.appium.uiautomator2.handler.FindElement.safeHandle(FindElement.java:60)\n\tat io.appium.uiautomator2.handler.request.SafeRequestHandler.handle(SafeRequestHandler.java:59)\n\tat io.appium.uiautomator2.server.AppiumServlet.handleRequest(AppiumServlet.java:259)\n\tat io.appium.uiautomator2.server.AppiumServlet.handleHttpRequest(AppiumServlet.java:253)\n\tat io.appium.uiautomator2.http.ServerHandler.channelRead(ServerHandler.java:77)\n\tat io.netty.channel.AbstractChannelHandlerContext.invokeChannelRead(AbstractChannelHandlerContext.java:374)\n\tat io.netty.channel.Abstr...
[38;5;117m[4cb8036e][0m[38;5;123m[W3C][0m Matched W3C error code 'no such element' to NoSuchElementError
[38;5;117m[4cb8036e][0m[38;5;-177m[AndroidUiautomator2Driver@fd7c][0m Encountered internal error running command: NoSuchElementError: An element could not be located on the page using the given search parameters.
    at AndroidUiautomator2Driver.findElOrEls (C:\Users\sddam\OneDrive\Documentos\automacao\projeto-apresentacao\automacao-webdriverIO\node_modules\appium-uiautomator2-driver\node_modules\appium-android-driver\lib\commands\find.ts:86:11)
    at processTicksAndRejections (node:internal/process/task_queues:105:5)
    at AndroidUiautomator2Driver.findElOrElsWithProcessing (C:\Users\sddam\OneDrive\Documentos\automacao\projeto-apresentacao\automacao-webdriverIO\node_modules\appium-uiautomator2-driver\node_modules\@appium\base-driver\lib\basedriver\commands\find.ts:60:12)
    at AndroidUiautomator2Driver.findElement (C:\Users\sddam\OneDrive\Documentos\automacao\projeto-apresentacao\automacao-webdriverIO\node_modules\appium-uiautomator2-driver\node_modules\@appium\base-driver\lib\basedriver\commands\find.ts:75:12)
[38;5;117m[4cb8036e][0m[38;5;86m[HTTP][0m [37m<-- POST /session/4cb8036e-b650-48fd-b265-b63caac6b6d3/element [39m[33m404[39m [90m77 ms - 1110[39m [90m[39m
[38;5;117m[4cb8036e][0m[38;5;86m[HTTP][0m [37m-->[39m [37mPOST[39m [37m/session/4cb8036e-b650-48fd-b265-b63caac6b6d3/element[39m [90m{"using":"xpath","value":"//android.widget.Button[@text=\"OK\"]"}[39m
[38;5;117m[4cb8036e][0m[38;5;-177m[AndroidUiautomator2Driver@fd7c][0m Calling AppiumDriver.findElement() with args: ["xpath","//android.widget.Button[@text=\"OK\"]","4cb8036e-b650-48fd-b265-b63caac6b6d3"]
[38;5;117m[4cb8036e][0m[38;5;-177m[AndroidUiautomator2Driver@fd7c][0m Valid locator strategies for this request: xpath, id, class name, accessibility id, css selector, -android uiautomator
[38;5;117m[4cb8036e][0m[38;5;-177m[AndroidUiautomator2Driver@fd7c][0m Waiting up to 0 ms for condition
[38;5;117m[4cb8036e][0m[38;5;-177m[AndroidUiautomator2Driver@fd7c][0m Matched '/element' to command name 'findElement'
[38;5;117m[4cb8036e][0m[38;5;-177m[AndroidUiautomator2Driver@fd7c][0m Proxying [POST /element] to [POST http://127.0.0.1:8201/session/122786cf-8f77-49b9-9c4b-47402609145a/element] with body: {"strategy":"xpath","selector":"//android.widget.Button[@text=\"OK\"]","context":"","multiple":false}
[38;5;117m[4cb8036e][0m[38;5;-177m[AndroidUiautomator2Driver@fd7c][0m Got response with status 404: {"sessionId":"122786cf-8f77-49b9-9c4b-47402609145a","value":{"error":"no such element","message":"An element could not be located on the page using the given search parameters","stacktrace":"io.appium.uiautomator2.common.exceptions.ElementNotFoundException: An element could not be located on the page using the given search parameters\n\tat io.appium.uiautomator2.utils.ElementLocationHelpers.findElement(ElementLocationHelpers.java:156)\n\tat io.appium.uiautomator2.handler.FindElement.safeHandle(FindElement.java:60)\n\tat io.appium.uiautomator2.handler.request.SafeRequestHandler.handle(SafeRequestHandler.java:59)\n\tat io.appium.uiautomator2.server.AppiumServlet.handleRequest(AppiumServlet.java:259)\n\tat io.appium.uiautomator2.server.AppiumServlet.handleHttpRequest(AppiumServlet.java:253)\n\tat io.appium.uiautomator2.http.ServerHandler.channelRead(ServerHandler.java:77)\n\tat io.netty.channel.AbstractChannelHandlerContext.invokeChannelRead(AbstractChannelHandlerContext.java:374)\n\tat io.netty.channel.Abstr...
[38;5;117m[4cb8036e][0m[38;5;123m[W3C][0m Matched W3C error code 'no such element' to NoSuchElementError
[38;5;117m[4cb8036e][0m[38;5;-177m[AndroidUiautomator2Driver@fd7c][0m Encountered internal error running command: NoSuchElementError: An element could not be located on the page using the given search parameters.
    at AndroidUiautomator2Driver.findElOrEls (C:\Users\sddam\OneDrive\Documentos\automacao\projeto-apresentacao\automacao-webdriverIO\node_modules\appium-uiautomator2-driver\node_modules\appium-android-driver\lib\commands\find.ts:86:11)
    at processTicksAndRejections (node:internal/process/task_queues:105:5)
    at AndroidUiautomator2Driver.findElOrElsWithProcessing (C:\Users\sddam\OneDrive\Documentos\automacao\projeto-apresentacao\automacao-webdriverIO\node_modules\appium-uiautomator2-driver\node_modules\@appium\base-driver\lib\basedriver\commands\find.ts:60:12)
    at AndroidUiautomator2Driver.findElement (C:\Users\sddam\OneDrive\Documentos\automacao\projeto-apresentacao\automacao-webdriverIO\node_modules\appium-uiautomator2-driver\node_modules\@appium\base-driver\lib\basedriver\commands\find.ts:75:12)
[38;5;117m[4cb8036e][0m[38;5;86m[HTTP][0m [37m<-- POST /session/4cb8036e-b650-48fd-b265-b63caac6b6d3/element [39m[33m404[39m [90m76 ms - 1110[39m [90m[39m
[38;5;117m[4cb8036e][0m[38;5;86m[HTTP][0m [37m-->[39m [37mPOST[39m [37m/session/4cb8036e-b650-48fd-b265-b63caac6b6d3/element[39m [90m{"using":"xpath","value":"//android.widget.Button[@text=\"OK\"]"}[39m
[38;5;117m[4cb8036e][0m[38;5;-177m[AndroidUiautomator2Driver@fd7c][0m Calling AppiumDriver.findElement() with args: ["xpath","//android.widget.Button[@text=\"OK\"]","4cb8036e-b650-48fd-b265-b63caac6b6d3"]
[38;5;117m[4cb8036e][0m[38;5;-177m[AndroidUiautomator2Driver@fd7c][0m Valid locator strategies for this request: xpath, id, class name, accessibility id, css selector, -android uiautomator
[38;5;117m[4cb8036e][0m[38;5;-177m[AndroidUiautomator2Driver@fd7c][0m Waiting up to 0 ms for condition
[38;5;117m[4cb8036e][0m[38;5;-177m[AndroidUiautomator2Driver@fd7c][0m Matched '/element' to command name 'findElement'
[38;5;117m[4cb8036e][0m[38;5;-177m[AndroidUiautomator2Driver@fd7c][0m Proxying [POST /element] to [POST http://127.0.0.1:8201/session/122786cf-8f77-49b9-9c4b-47402609145a/element] with body: {"strategy":"xpath","selector":"//android.widget.Button[@text=\"OK\"]","context":"","multiple":false}
[38;5;117m[4cb8036e][0m[38;5;-177m[AndroidUiautomator2Driver@fd7c][0m Got response with status 404: {"sessionId":"122786cf-8f77-49b9-9c4b-47402609145a","value":{"error":"no such element","message":"An element could not be located on the page using the given search parameters","stacktrace":"io.appium.uiautomator2.common.exceptions.ElementNotFoundException: An element could not be located on the page using the given search parameters\n\tat io.appium.uiautomator2.utils.ElementLocationHelpers.findElement(ElementLocationHelpers.java:156)\n\tat io.appium.uiautomator2.handler.FindElement.safeHandle(FindElement.java:60)\n\tat io.appium.uiautomator2.handler.request.SafeRequestHandler.handle(SafeRequestHandler.java:59)\n\tat io.appium.uiautomator2.server.AppiumServlet.handleRequest(AppiumServlet.java:259)\n\tat io.appium.uiautomator2.server.AppiumServlet.handleHttpRequest(AppiumServlet.java:253)\n\tat io.appium.uiautomator2.http.ServerHandler.channelRead(ServerHandler.java:77)\n\tat io.netty.channel.AbstractChannelHandlerContext.invokeChannelRead(AbstractChannelHandlerContext.java:374)\n\tat io.netty.channel.Abstr...
[38;5;117m[4cb8036e][0m[38;5;123m[W3C][0m Matched W3C error code 'no such element' to NoSuchElementError
[38;5;117m[4cb8036e][0m[38;5;-177m[AndroidUiautomator2Driver@fd7c][0m Encountered internal error running command: NoSuchElementError: An element could not be located on the page using the given search parameters.
    at AndroidUiautomator2Driver.findElOrEls (C:\Users\sddam\OneDrive\Documentos\automacao\projeto-apresentacao\automacao-webdriverIO\node_modules\appium-uiautomator2-driver\node_modules\appium-android-driver\lib\commands\find.ts:86:11)
    at processTicksAndRejections (node:internal/process/task_queues:105:5)
    at AndroidUiautomator2Driver.findElOrElsWithProcessing (C:\Users\sddam\OneDrive\Documentos\automacao\projeto-apresentacao\automacao-webdriverIO\node_modules\appium-uiautomator2-driver\node_modules\@appium\base-driver\lib\basedriver\commands\find.ts:60:12)
    at AndroidUiautomator2Driver.findElement (C:\Users\sddam\OneDrive\Documentos\automacao\projeto-apresentacao\automacao-webdriverIO\node_modules\appium-uiautomator2-driver\node_modules\@appium\base-driver\lib\basedriver\commands\find.ts:75:12)
[38;5;117m[4cb8036e][0m[38;5;86m[HTTP][0m [37m<-- POST /session/4cb8036e-b650-48fd-b265-b63caac6b6d3/element [39m[33m404[39m [90m81 ms - 1110[39m [90m[39m
[38;5;117m[4cb8036e][0m[38;5;86m[HTTP][0m [37m-->[39m [37mPOST[39m [37m/session/4cb8036e-b650-48fd-b265-b63caac6b6d3/element[39m [90m{"using":"xpath","value":"//android.widget.Button[@text=\"OK\"]"}[39m
[38;5;117m[4cb8036e][0m[38;5;-177m[AndroidUiautomator2Driver@fd7c][0m Calling AppiumDriver.findElement() with args: ["xpath","//android.widget.Button[@text=\"OK\"]","4cb8036e-b650-48fd-b265-b63caac6b6d3"]
[38;5;117m[4cb8036e][0m[38;5;-177m[AndroidUiautomator2Driver@fd7c][0m Valid locator strategies for this request: xpath, id, class name, accessibility id, css selector, -android uiautomator
[38;5;117m[4cb8036e][0m[38;5;-177m[AndroidUiautomator2Driver@fd7c][0m Waiting up to 0 ms for condition
[38;5;117m[4cb8036e][0m[38;5;-177m[AndroidUiautomator2Driver@fd7c][0m Matched '/element' to command name 'findElement'
[38;5;117m[4cb8036e][0m[38;5;-177m[AndroidUiautomator2Driver@fd7c][0m Proxying [POST /element] to [POST http://127.0.0.1:8201/session/122786cf-8f77-49b9-9c4b-47402609145a/element] with body: {"strategy":"xpath","selector":"//android.widget.Button[@text=\"OK\"]","context":"","multiple":false}
[38;5;117m[4cb8036e][0m[38;5;-177m[AndroidUiautomator2Driver@fd7c][0m Got response with status 404: {"sessionId":"122786cf-8f77-49b9-9c4b-47402609145a","value":{"error":"no such element","message":"An element could not be located on the page using the given search parameters","stacktrace":"io.appium.uiautomator2.common.exceptions.ElementNotFoundException: An element could not be located on the page using the given search parameters\n\tat io.appium.uiautomator2.utils.ElementLocationHelpers.findElement(ElementLocationHelpers.java:156)\n\tat io.appium.uiautomator2.handler.FindElement.safeHandle(FindElement.java:60)\n\tat io.appium.uiautomator2.handler.request.SafeRequestHandler.handle(SafeRequestHandler.java:59)\n\tat io.appium.uiautomator2.server.AppiumServlet.handleRequest(AppiumServlet.java:259)\n\tat io.appium.uiautomator2.server.AppiumServlet.handleHttpRequest(AppiumServlet.java:253)\n\tat io.appium.uiautomator2.http.ServerHandler.channelRead(ServerHandler.java:77)\n\tat io.netty.channel.AbstractChannelHandlerContext.invokeChannelRead(AbstractChannelHandlerContext.java:374)\n\tat io.netty.channel.Abstr...
[38;5;117m[4cb8036e][0m[38;5;123m[W3C][0m Matched W3C error code 'no such element' to NoSuchElementError
[38;5;117m[4cb8036e][0m[38;5;-177m[AndroidUiautomator2Driver@fd7c][0m Encountered internal error running command: NoSuchElementError: An element could not be located on the page using the given search parameters.
    at AndroidUiautomator2Driver.findElOrEls (C:\Users\sddam\OneDrive\Documentos\automacao\projeto-apresentacao\automacao-webdriverIO\node_modules\appium-uiautomator2-driver\node_modules\appium-android-driver\lib\commands\find.ts:86:11)
    at processTicksAndRejections (node:internal/process/task_queues:105:5)
    at AndroidUiautomator2Driver.findElOrElsWithProcessing (C:\Users\sddam\OneDrive\Documentos\automacao\projeto-apresentacao\automacao-webdriverIO\node_modules\appium-uiautomator2-driver\node_modules\@appium\base-driver\lib\basedriver\commands\find.ts:60:12)
    at AndroidUiautomator2Driver.findElement (C:\Users\sddam\OneDrive\Documentos\automacao\projeto-apresentacao\automacao-webdriverIO\node_modules\appium-uiautomator2-driver\node_modules\@appium\base-driver\lib\basedriver\commands\find.ts:75:12)
[38;5;117m[4cb8036e][0m[38;5;86m[HTTP][0m [37m<-- POST /session/4cb8036e-b650-48fd-b265-b63caac6b6d3/element [39m[33m404[39m [90m85 ms - 1110[39m [90m[39m
[38;5;117m[4cb8036e][0m[38;5;86m[HTTP][0m [37m-->[39m [37mPOST[39m [37m/session/4cb8036e-b650-48fd-b265-b63caac6b6d3/element[39m [90m{"using":"xpath","value":"//android.widget.Button[@text=\"OK\"]"}[39m
[38;5;117m[4cb8036e][0m[38;5;-177m[AndroidUiautomator2Driver@fd7c][0m Calling AppiumDriver.findElement() with args: ["xpath","//android.widget.Button[@text=\"OK\"]","4cb8036e-b650-48fd-b265-b63caac6b6d3"]
[38;5;117m[4cb8036e][0m[38;5;-177m[AndroidUiautomator2Driver@fd7c][0m Valid locator strategies for this request: xpath, id, class name, accessibility id, css selector, -android uiautomator
[38;5;117m[4cb8036e][0m[38;5;-177m[AndroidUiautomator2Driver@fd7c][0m Waiting up to 0 ms for condition
[38;5;117m[4cb8036e][0m[38;5;-177m[AndroidUiautomator2Driver@fd7c][0m Matched '/element' to command name 'findElement'
[38;5;117m[4cb8036e][0m[38;5;-177m[AndroidUiautomator2Driver@fd7c][0m Proxying [POST /element] to [POST http://127.0.0.1:8201/session/122786cf-8f77-49b9-9c4b-47402609145a/element] with body: {"strategy":"xpath","selector":"//android.widget.Button[@text=\"OK\"]","context":"","multiple":false}
[38;5;117m[4cb8036e][0m[38;5;86m[HTTP][0m [37m-->[39m [37mPOST[39m [37m/session/4cb8036e-b650-48fd-b265-b63caac6b6d3/element[39m [90m{"using":"xpath","value":"//android.widget.TextView[@text=\"Sign up\"]"}[39m
[38;5;117m[4cb8036e][0m[38;5;-177m[AndroidUiautomator2Driver@fd7c][0m Calling AppiumDriver.findElement() with args: ["xpath","//android.widget.TextView[@text=\"Sign up\"]","4cb8036e-b650-48fd-b265-b63caac6b6d3"]
[38;5;117m[4cb8036e][0m[38;5;-177m[AndroidUiautomator2Driver@fd7c][0m Got response with status 404: {"sessionId":"122786cf-8f77-49b9-9c4b-47402609145a","value":{"error":"no such element","message":"An element could not be located on the page using the given search parameters","stacktrace":"io.appium.uiautomator2.common.exceptions.ElementNotFoundException: An element could not be located on the page using the given search parameters\n\tat io.appium.uiautomator2.utils.ElementLocationHelpers.findElement(ElementLocationHelpers.java:156)\n\tat io.appium.uiautomator2.handler.FindElement.safeHandle(FindElement.java:60)\n\tat io.appium.uiautomator2.handler.request.SafeRequestHandler.handle(SafeRequestHandler.java:59)\n\tat io.appium.uiautomator2.server.AppiumServlet.handleRequest(AppiumServlet.java:259)\n\tat io.appium.uiautomator2.server.AppiumServlet.handleHttpRequest(AppiumServlet.java:253)\n\tat io.appium.uiautomator2.http.ServerHandler.channelRead(ServerHandler.java:77)\n\tat io.netty.channel.AbstractChannelHandlerContext.invokeChannelRead(AbstractChannelHandlerContext.java:374)\n\tat io.netty.channel.Abstr...
[38;5;117m[4cb8036e][0m[38;5;123m[W3C][0m Matched W3C error code 'no such element' to NoSuchElementError
[38;5;117m[4cb8036e][0m[38;5;-177m[AndroidUiautomator2Driver@fd7c][0m Valid locator strategies for this request: xpath, id, class name, accessibility id, css selector, -android uiautomator
[38;5;117m[4cb8036e][0m[38;5;-177m[AndroidUiautomator2Driver@fd7c][0m Waiting up to 0 ms for condition
[38;5;117m[4cb8036e][0m[38;5;-177m[AndroidUiautomator2Driver@fd7c][0m Matched '/element' to command name 'findElement'
[38;5;117m[4cb8036e][0m[38;5;-177m[AndroidUiautomator2Driver@fd7c][0m Proxying [POST /element] to [POST http://127.0.0.1:8201/session/122786cf-8f77-49b9-9c4b-47402609145a/element] with body: {"strategy":"xpath","selector":"//android.widget.TextView[@text=\"Sign up\"]","context":"","multiple":false}
[38;5;117m[4cb8036e][0m[38;5;-177m[AndroidUiautomator2Driver@fd7c][0m Encountered internal error running command: NoSuchElementError: An element could not be located on the page using the given search parameters.
    at AndroidUiautomator2Driver.findElOrEls (C:\Users\sddam\OneDrive\Documentos\automacao\projeto-apresentacao\automacao-webdriverIO\node_modules\appium-uiautomator2-driver\node_modules\appium-android-driver\lib\commands\find.ts:86:11)
    at processTicksAndRejections (node:internal/process/task_queues:105:5)
    at AndroidUiautomator2Driver.findElOrElsWithProcessing (C:\Users\sddam\OneDrive\Documentos\automacao\projeto-apresentacao\automacao-webdriverIO\node_modules\appium-uiautomator2-driver\node_modules\@appium\base-driver\lib\basedriver\commands\find.ts:60:12)
    at AndroidUiautomator2Driver.findElement (C:\Users\sddam\OneDrive\Documentos\automacao\projeto-apresentacao\automacao-webdriverIO\node_modules\appium-uiautomator2-driver\node_modules\@appium\base-driver\lib\basedriver\commands\find.ts:75:12)
[38;5;117m[4cb8036e][0m[38;5;86m[HTTP][0m [37m<-- POST /session/4cb8036e-b650-48fd-b265-b63caac6b6d3/element [39m[33m404[39m [90m84 ms - 1110[39m [90m[39m
[38;5;117m[4cb8036e][0m[38;5;-177m[AndroidUiautomator2Driver@fd7c][0m Got response with status 200: {"sessionId":"122786cf-8f77-49b9-9c4b-47402609145a","value":{"ELEMENT":"00000000-0000-0433-ffff-ffff00000057","element-6066-11e4-a52e-4f735466cecf":"00000000-0000-0433-ffff-ffff00000057"}}
[38;5;117m[4cb8036e][0m[38;5;-177m[AndroidUiautomator2Driver@fd7c][0m Responding to client with driver.findElement() result: {"element-6066-11e4-a52e-4f735466cecf":"00000000-0000-0433-ffff-ffff00000057","ELEMENT":"00000000-0000-0433-ffff-ffff00000057"}
[38;5;117m[4cb8036e][0m[38;5;86m[HTTP][0m [37m<-- POST /session/4cb8036e-b650-48fd-b265-b63caac6b6d3/element [39m[32m200[39m [90m130 ms - 137[39m [90m[39m
[38;5;117m[4cb8036e][0m[38;5;86m[HTTP][0m [37m-->[39m [37mGET[39m [37m/session/4cb8036e-b650-48fd-b265-b63caac6b6d3/element/00000000-0000-0433-ffff-ffff00000057/displayed[39m [90m{}[39m
[38;5;117m[4cb8036e][0m[38;5;-177m[AndroidUiautomator2Driver@fd7c][0m Calling AppiumDriver.elementDisplayed() with args: ["00000000-0000-0433-ffff-ffff00000057","4cb8036e-b650-48fd-b265-b63caac6b6d3"]
[38;5;117m[4cb8036e][0m[38;5;-177m[AndroidUiautomator2Driver@fd7c][0m Matched '/element/00000000-0000-0433-ffff-ffff00000057/attribute/displayed' to command name 'getAttribute'
[38;5;117m[4cb8036e][0m[38;5;-177m[AndroidUiautomator2Driver@fd7c][0m Proxying [GET /element/00000000-0000-0433-ffff-ffff00000057/attribute/displayed] to [GET http://127.0.0.1:8201/session/122786cf-8f77-49b9-9c4b-47402609145a/element/00000000-0000-0433-ffff-ffff00000057/attribute/displayed] with no body
[38;5;117m[4cb8036e][0m[38;5;-177m[AndroidUiautomator2Driver@fd7c][0m Got response with status 200: {"sessionId":"122786cf-8f77-49b9-9c4b-47402609145a","value":"true"}
[38;5;117m[4cb8036e][0m[38;5;-177m[AndroidUiautomator2Driver@fd7c][0m Responding to client with driver.elementDisplayed() result: true
[38;5;117m[4cb8036e][0m[38;5;86m[HTTP][0m [37m<-- GET /session/4cb8036e-b650-48fd-b265-b63caac6b6d3/element/00000000-0000-0433-ffff-ffff00000057/displayed [39m[32m200[39m [90m13 ms - 14[39m [90m[39m
[38;5;117m[4cb8036e][0m[38;5;86m[HTTP][0m [37m-->[39m [37mGET[39m [37m/session/4cb8036e-b650-48fd-b265-b63caac6b6d3/element/00000000-0000-0433-ffff-ffff00000057/text[39m [90m{}[39m
[38;5;117m[4cb8036e][0m[38;5;-177m[AndroidUiautomator2Driver@fd7c][0m Driver proxy active, passing request on via HTTP proxy
[38;5;117m[4cb8036e][0m[38;5;-177m[AndroidUiautomator2Driver@fd7c][0m Matched '/session/4cb8036e-b650-48fd-b265-b63caac6b6d3/element/00000000-0000-0433-ffff-ffff00000057/text' to command name 'getText'
[38;5;117m[4cb8036e][0m[38;5;-177m[AndroidUiautomator2Driver@fd7c][0m Proxying [GET /session/4cb8036e-b650-48fd-b265-b63caac6b6d3/element/00000000-0000-0433-ffff-ffff00000057/text] to [GET http://127.0.0.1:8201/session/122786cf-8f77-49b9-9c4b-47402609145a/element/00000000-0000-0433-ffff-ffff00000057/text] with no body
[38;5;117m[4cb8036e][0m[38;5;-177m[AndroidUiautomator2Driver@fd7c][0m Got response with status 200: {"sessionId":"122786cf-8f77-49b9-9c4b-47402609145a","value":"Sign up"}
[38;5;117m[4cb8036e][0m[38;5;-177m[AndroidUiautomator2Driver@fd7c][0m Replacing sessionId 122786cf-8f77-49b9-9c4b-47402609145a with 4cb8036e-b650-48fd-b265-b63caac6b6d3
[38;5;117m[4cb8036e][0m[38;5;86m[HTTP][0m [37m<-- GET /session/4cb8036e-b650-48fd-b265-b63caac6b6d3/element/00000000-0000-0433-ffff-ffff00000057/text [39m[32m200[39m [90m13 ms - 70[39m [90m[39m
[38;5;117m[4cb8036e][0m[38;5;86m[HTTP][0m [37m-->[39m [37mPOST[39m [37m/session/4cb8036e-b650-48fd-b265-b63caac6b6d3/element[39m [90m{"using":"xpath","value":"//android.widget.Button[@resource-id=\"android:id/button1\"]"}[39m
[38;5;117m[4cb8036e][0m[38;5;-177m[AndroidUiautomator2Driver@fd7c][0m Calling AppiumDriver.findElement() with args: ["xpath","//android.widget.Button[@resource-id=\"android:id/button1\"]","4cb8036e-b650-48fd-b265-b63caac6b6d3"]
[38;5;117m[4cb8036e][0m[38;5;-177m[AndroidUiautomator2Driver@fd7c][0m Valid locator strategies for this request: xpath, id, class name, accessibility id, css selector, -android uiautomator
[38;5;117m[4cb8036e][0m[38;5;-177m[AndroidUiautomator2Driver@fd7c][0m Waiting up to 0 ms for condition
[38;5;117m[4cb8036e][0m[38;5;-177m[AndroidUiautomator2Driver@fd7c][0m Matched '/element' to command name 'findElement'
[38;5;117m[4cb8036e][0m[38;5;-177m[AndroidUiautomator2Driver@fd7c][0m Proxying [POST /element] to [POST http://127.0.0.1:8201/session/122786cf-8f77-49b9-9c4b-47402609145a/element] with body: {"strategy":"xpath","selector":"//android.widget.Button[@resource-id=\"android:id/button1\"]","context":"","multiple":false}
[38;5;117m[4cb8036e][0m[38;5;-177m[AndroidUiautomator2Driver@fd7c][0m Got response with status 404: {"sessionId":"122786cf-8f77-49b9-9c4b-47402609145a","value":{"error":"no such element","message":"An element could not be located on the page using the given search parameters","stacktrace":"io.appium.uiautomator2.common.exceptions.ElementNotFoundException: An element could not be located on the page using the given search parameters\n\tat io.appium.uiautomator2.utils.ElementLocationHelpers.findElement(ElementLocationHelpers.java:156)\n\tat io.appium.uiautomator2.handler.FindElement.safeHandle(FindElement.java:60)\n\tat io.appium.uiautomator2.handler.request.SafeRequestHandler.handle(SafeRequestHandler.java:59)\n\tat io.appium.uiautomator2.server.AppiumServlet.handleRequest(AppiumServlet.java:259)\n\tat io.appium.uiautomator2.server.AppiumServlet.handleHttpRequest(AppiumServlet.java:253)\n\tat io.appium.uiautomator2.http.ServerHandler.channelRead(ServerHandler.java:77)\n\tat io.netty.channel.AbstractChannelHandlerContext.invokeChannelRead(AbstractChannelHandlerContext.java:374)\n\tat io.netty.channel.Abstr...
[38;5;117m[4cb8036e][0m[38;5;123m[W3C][0m Matched W3C error code 'no such element' to NoSuchElementError
[38;5;117m[4cb8036e][0m[38;5;-177m[AndroidUiautomator2Driver@fd7c][0m Encountered internal error running command: NoSuchElementError: An element could not be located on the page using the given search parameters.
    at AndroidUiautomator2Driver.findElOrEls (C:\Users\sddam\OneDrive\Documentos\automacao\projeto-apresentacao\automacao-webdriverIO\node_modules\appium-uiautomator2-driver\node_modules\appium-android-driver\lib\commands\find.ts:86:11)
    at processTicksAndRejections (node:internal/process/task_queues:105:5)
    at AndroidUiautomator2Driver.findElOrElsWithProcessing (C:\Users\sddam\OneDrive\Documentos\automacao\projeto-apresentacao\automacao-webdriverIO\node_modules\appium-uiautomator2-driver\node_modules\@appium\base-driver\lib\basedriver\commands\find.ts:60:12)
    at AndroidUiautomator2Driver.findElement (C:\Users\sddam\OneDrive\Documentos\automacao\projeto-apresentacao\automacao-webdriverIO\node_modules\appium-uiautomator2-driver\node_modules\@appium\base-driver\lib\basedriver\commands\find.ts:75:12)
[38;5;117m[4cb8036e][0m[38;5;86m[HTTP][0m [37m<-- POST /session/4cb8036e-b650-48fd-b265-b63caac6b6d3/element [39m[33m404[39m [90m77 ms - 1110[39m [90m[39m
[38;5;117m[4cb8036e][0m[38;5;86m[HTTP][0m [37m-->[39m [37mPOST[39m [37m/session/4cb8036e-b650-48fd-b265-b63caac6b6d3/element[39m [90m{"using":"xpath","value":"//android.widget.Button[@resource-id=\"android:id/button1\"]"}[39m
[38;5;117m[4cb8036e][0m[38;5;-177m[AndroidUiautomator2Driver@fd7c][0m Calling AppiumDriver.findElement() with args: ["xpath","//android.widget.Button[@resource-id=\"android:id/button1\"]","4cb8036e-b650-48fd-b265-b63caac6b6d3"]
[38;5;117m[4cb8036e][0m[38;5;-177m[AndroidUiautomator2Driver@fd7c][0m Valid locator strategies for this request: xpath, id, class name, accessibility id, css selector, -android uiautomator
[38;5;117m[4cb8036e][0m[38;5;-177m[AndroidUiautomator2Driver@fd7c][0m Waiting up to 0 ms for condition
[38;5;117m[4cb8036e][0m[38;5;-177m[AndroidUiautomator2Driver@fd7c][0m Matched '/element' to command name 'findElement'
[38;5;117m[4cb8036e][0m[38;5;-177m[AndroidUiautomator2Driver@fd7c][0m Proxying [POST /element] to [POST http://127.0.0.1:8201/session/122786cf-8f77-49b9-9c4b-47402609145a/element] with body: {"strategy":"xpath","selector":"//android.widget.Button[@resource-id=\"android:id/button1\"]","context":"","multiple":false}
[38;5;117m[4cb8036e][0m[38;5;-177m[AndroidUiautomator2Driver@fd7c][0m Got response with status 404: {"sessionId":"122786cf-8f77-49b9-9c4b-47402609145a","value":{"error":"no such element","message":"An element could not be located on the page using the given search parameters","stacktrace":"io.appium.uiautomator2.common.exceptions.ElementNotFoundException: An element could not be located on the page using the given search parameters\n\tat io.appium.uiautomator2.utils.ElementLocationHelpers.findElement(ElementLocationHelpers.java:156)\n\tat io.appium.uiautomator2.handler.FindElement.safeHandle(FindElement.java:60)\n\tat io.appium.uiautomator2.handler.request.SafeRequestHandler.handle(SafeRequestHandler.java:59)\n\tat io.appium.uiautomator2.server.AppiumServlet.handleRequest(AppiumServlet.java:259)\n\tat io.appium.uiautomator2.server.AppiumServlet.handleHttpRequest(AppiumServlet.java:253)\n\tat io.appium.uiautomator2.http.ServerHandler.channelRead(ServerHandler.java:77)\n\tat io.netty.channel.AbstractChannelHandlerContext.invokeChannelRead(AbstractChannelHandlerContext.java:374)\n\tat io.netty.channel.Abstr...
[38;5;117m[4cb8036e][0m[38;5;123m[W3C][0m Matched W3C error code 'no such element' to NoSuchElementError
[38;5;117m[4cb8036e][0m[38;5;-177m[AndroidUiautomator2Driver@fd7c][0m Encountered internal error running command: NoSuchElementError: An element could not be located on the page using the given search parameters.
    at AndroidUiautomator2Driver.findElOrEls (C:\Users\sddam\OneDrive\Documentos\automacao\projeto-apresentacao\automacao-webdriverIO\node_modules\appium-uiautomator2-driver\node_modules\appium-android-driver\lib\commands\find.ts:86:11)
    at processTicksAndRejections (node:internal/process/task_queues:105:5)
    at AndroidUiautomator2Driver.findElOrElsWithProcessing (C:\Users\sddam\OneDrive\Documentos\automacao\projeto-apresentacao\automacao-webdriverIO\node_modules\appium-uiautomator2-driver\node_modules\@appium\base-driver\lib\basedriver\commands\find.ts:60:12)
    at AndroidUiautomator2Driver.findElement (C:\Users\sddam\OneDrive\Documentos\automacao\projeto-apresentacao\automacao-webdriverIO\node_modules\appium-uiautomator2-driver\node_modules\@appium\base-driver\lib\basedriver\commands\find.ts:75:12)
[38;5;117m[4cb8036e][0m[38;5;86m[HTTP][0m [37m<-- POST /session/4cb8036e-b650-48fd-b265-b63caac6b6d3/element [39m[33m404[39m [90m73 ms - 1110[39m [90m[39m
[38;5;117m[4cb8036e][0m[38;5;86m[HTTP][0m [37m-->[39m [37mPOST[39m [37m/session/4cb8036e-b650-48fd-b265-b63caac6b6d3/element[39m [90m{"using":"xpath","value":"//android.widget.Button[@resource-id=\"android:id/button1\"]"}[39m
[38;5;117m[4cb8036e][0m[38;5;-177m[AndroidUiautomator2Driver@fd7c][0m Calling AppiumDriver.findElement() with args: ["xpath","//android.widget.Button[@resource-id=\"android:id/button1\"]","4cb8036e-b650-48fd-b265-b63caac6b6d3"]
[38;5;117m[4cb8036e][0m[38;5;-177m[AndroidUiautomator2Driver@fd7c][0m Valid locator strategies for this request: xpath, id, class name, accessibility id, css selector, -android uiautomator
[38;5;117m[4cb8036e][0m[38;5;-177m[AndroidUiautomator2Driver@fd7c][0m Waiting up to 0 ms for condition
[38;5;117m[4cb8036e][0m[38;5;-177m[AndroidUiautomator2Driver@fd7c][0m Matched '/element' to command name 'findElement'
[38;5;117m[4cb8036e][0m[38;5;-177m[AndroidUiautomator2Driver@fd7c][0m Proxying [POST /element] to [POST http://127.0.0.1:8201/session/122786cf-8f77-49b9-9c4b-47402609145a/element] with body: {"strategy":"xpath","selector":"//android.widget.Button[@resource-id=\"android:id/button1\"]","context":"","multiple":false}
[38;5;117m[4cb8036e][0m[38;5;-177m[AndroidUiautomator2Driver@fd7c][0m Got response with status 404: {"sessionId":"122786cf-8f77-49b9-9c4b-47402609145a","value":{"error":"no such element","message":"An element could not be located on the page using the given search parameters","stacktrace":"io.appium.uiautomator2.common.exceptions.ElementNotFoundException: An element could not be located on the page using the given search parameters\n\tat io.appium.uiautomator2.utils.ElementLocationHelpers.findElement(ElementLocationHelpers.java:156)\n\tat io.appium.uiautomator2.handler.FindElement.safeHandle(FindElement.java:60)\n\tat io.appium.uiautomator2.handler.request.SafeRequestHandler.handle(SafeRequestHandler.java:59)\n\tat io.appium.uiautomator2.server.AppiumServlet.handleRequest(AppiumServlet.java:259)\n\tat io.appium.uiautomator2.server.AppiumServlet.handleHttpRequest(AppiumServlet.java:253)\n\tat io.appium.uiautomator2.http.ServerHandler.channelRead(ServerHandler.java:77)\n\tat io.netty.channel.AbstractChannelHandlerContext.invokeChannelRead(AbstractChannelHandlerContext.java:374)\n\tat io.netty.channel.Abstr...
[38;5;117m[4cb8036e][0m[38;5;123m[W3C][0m Matched W3C error code 'no such element' to NoSuchElementError
[38;5;117m[4cb8036e][0m[38;5;-177m[AndroidUiautomator2Driver@fd7c][0m Encountered internal error running command: NoSuchElementError: An element could not be located on the page using the given search parameters.
    at AndroidUiautomator2Driver.findElOrEls (C:\Users\sddam\OneDrive\Documentos\automacao\projeto-apresentacao\automacao-webdriverIO\node_modules\appium-uiautomator2-driver\node_modules\appium-android-driver\lib\commands\find.ts:86:11)
    at processTicksAndRejections (node:internal/process/task_queues:105:5)
    at AndroidUiautomator2Driver.findElOrElsWithProcessing (C:\Users\sddam\OneDrive\Documentos\automacao\projeto-apresentacao\automacao-webdriverIO\node_modules\appium-uiautomator2-driver\node_modules\@appium\base-driver\lib\basedriver\commands\find.ts:60:12)
    at AndroidUiautomator2Driver.findElement (C:\Users\sddam\OneDrive\Documentos\automacao\projeto-apresentacao\automacao-webdriverIO\node_modules\appium-uiautomator2-driver\node_modules\@appium\base-driver\lib\basedriver\commands\find.ts:75:12)
[38;5;117m[4cb8036e][0m[38;5;86m[HTTP][0m [37m<-- POST /session/4cb8036e-b650-48fd-b265-b63caac6b6d3/element [39m[33m404[39m [90m177 ms - 1110[39m [90m[39m
[38;5;117m[4cb8036e][0m[38;5;86m[HTTP][0m [37m-->[39m [37mPOST[39m [37m/session/4cb8036e-b650-48fd-b265-b63caac6b6d3/element[39m [90m{"using":"xpath","value":"//android.widget.Button[@resource-id=\"android:id/button1\"]"}[39m
[38;5;117m[4cb8036e][0m[38;5;-177m[AndroidUiautomator2Driver@fd7c][0m Calling AppiumDriver.findElement() with args: ["xpath","//android.widget.Button[@resource-id=\"android:id/button1\"]","4cb8036e-b650-48fd-b265-b63caac6b6d3"]
[38;5;117m[4cb8036e][0m[38;5;-177m[AndroidUiautomator2Driver@fd7c][0m Valid locator strategies for this request: xpath, id, class name, accessibility id, css selector, -android uiautomator
[38;5;117m[4cb8036e][0m[38;5;-177m[AndroidUiautomator2Driver@fd7c][0m Waiting up to 0 ms for condition
[38;5;117m[4cb8036e][0m[38;5;-177m[AndroidUiautomator2Driver@fd7c][0m Matched '/element' to command name 'findElement'
[38;5;117m[4cb8036e][0m[38;5;-177m[AndroidUiautomator2Driver@fd7c][0m Proxying [POST /element] to [POST http://127.0.0.1:8201/session/122786cf-8f77-49b9-9c4b-47402609145a/element] with body: {"strategy":"xpath","selector":"//android.widget.Button[@resource-id=\"android:id/button1\"]","context":"","multiple":false}
[38;5;117m[4cb8036e][0m[38;5;-177m[AndroidUiautomator2Driver@fd7c][0m Got response with status 200: {"sessionId":"122786cf-8f77-49b9-9c4b-47402609145a","value":{"ELEMENT":"00000000-0000-0436-ffff-ffff0000007e","element-6066-11e4-a52e-4f735466cecf":"00000000-0000-0436-ffff-ffff0000007e"}}
[38;5;117m[4cb8036e][0m[38;5;-177m[AndroidUiautomator2Driver@fd7c][0m Responding to client with driver.findElement() result: {"element-6066-11e4-a52e-4f735466cecf":"00000000-0000-0436-ffff-ffff0000007e","ELEMENT":"00000000-0000-0436-ffff-ffff0000007e"}
[38;5;117m[4cb8036e][0m[38;5;86m[HTTP][0m [37m<-- POST /session/4cb8036e-b650-48fd-b265-b63caac6b6d3/element [39m[32m200[39m [90m774 ms - 137[39m [90m[39m
[38;5;117m[4cb8036e][0m[38;5;86m[HTTP][0m [37m-->[39m [37mGET[39m [37m/session/4cb8036e-b650-48fd-b265-b63caac6b6d3/element/00000000-0000-0436-ffff-ffff0000007e/displayed[39m [90m{}[39m
[38;5;117m[4cb8036e][0m[38;5;-177m[AndroidUiautomator2Driver@fd7c][0m Calling AppiumDriver.elementDisplayed() with args: ["00000000-0000-0436-ffff-ffff0000007e","4cb8036e-b650-48fd-b265-b63caac6b6d3"]
[38;5;117m[4cb8036e][0m[38;5;-177m[AndroidUiautomator2Driver@fd7c][0m Matched '/element/00000000-0000-0436-ffff-ffff0000007e/attribute/displayed' to command name 'getAttribute'
[38;5;117m[4cb8036e][0m[38;5;-177m[AndroidUiautomator2Driver@fd7c][0m Proxying [GET /element/00000000-0000-0436-ffff-ffff0000007e/attribute/displayed] to [GET http://127.0.0.1:8201/session/122786cf-8f77-49b9-9c4b-47402609145a/element/00000000-0000-0436-ffff-ffff0000007e/attribute/displayed] with no body
[38;5;117m[4cb8036e][0m[38;5;-177m[AndroidUiautomator2Driver@fd7c][0m Got response with status 200: {"sessionId":"122786cf-8f77-49b9-9c4b-47402609145a","value":"true"}
[38;5;117m[4cb8036e][0m[38;5;-177m[AndroidUiautomator2Driver@fd7c][0m Responding to client with driver.elementDisplayed() result: true
[38;5;117m[4cb8036e][0m[38;5;86m[HTTP][0m [37m<-- GET /session/4cb8036e-b650-48fd-b265-b63caac6b6d3/element/00000000-0000-0436-ffff-ffff0000007e/displayed [39m[32m200[39m [90m14 ms - 14[39m [90m[39m
[38;5;117m[4cb8036e][0m[38;5;86m[HTTP][0m [37m-->[39m [37mPOST[39m [37m/session/4cb8036e-b650-48fd-b265-b63caac6b6d3/element/00000000-0000-0436-ffff-ffff0000007e/click[39m [90m{}[39m
[38;5;117m[4cb8036e][0m[38;5;-177m[AndroidUiautomator2Driver@fd7c][0m Calling AppiumDriver.click() with args: ["00000000-0000-0436-ffff-ffff0000007e","4cb8036e-b650-48fd-b265-b63caac6b6d3"]
[38;5;117m[4cb8036e][0m[38;5;-177m[AndroidUiautomator2Driver@fd7c][0m Matched '/element/00000000-0000-0436-ffff-ffff0000007e/click' to command name 'click'
[38;5;117m[4cb8036e][0m[38;5;-177m[AndroidUiautomator2Driver@fd7c][0m Proxying [POST /element/00000000-0000-0436-ffff-ffff0000007e/click] to [POST http://127.0.0.1:8201/session/122786cf-8f77-49b9-9c4b-47402609145a/element/00000000-0000-0436-ffff-ffff0000007e/click] with body: {"element":"00000000-0000-0436-ffff-ffff0000007e"}
[38;5;117m[4cb8036e][0m[38;5;-177m[AndroidUiautomator2Driver@fd7c][0m Got response with status 200: {"sessionId":"122786cf-8f77-49b9-9c4b-47402609145a","value":null}
[38;5;117m[4cb8036e][0m[38;5;-177m[AndroidUiautomator2Driver@fd7c][0m Responding to client with driver.click() result: null
[38;5;117m[4cb8036e][0m[38;5;86m[HTTP][0m [37m<-- POST /session/4cb8036e-b650-48fd-b265-b63caac6b6d3/element/00000000-0000-0436-ffff-ffff0000007e/click [39m[32m200[39m [90m66 ms - 14[39m [90m[39m
[38;5;117m[4cb8036e][0m[38;5;86m[HTTP][0m [37m-->[39m [37mPOST[39m [37m/session/4cb8036e-b650-48fd-b265-b63caac6b6d3/element[39m [90m{"using":"xpath","value":"//android.widget.TextView[@text=\"Sign up\"]"}[39m
[38;5;117m[4cb8036e][0m[38;5;-177m[AndroidUiautomator2Driver@fd7c][0m Calling AppiumDriver.findElement() with args: ["xpath","//android.widget.TextView[@text=\"Sign up\"]","4cb8036e-b650-48fd-b265-b63caac6b6d3"]
[38;5;117m[4cb8036e][0m[38;5;-177m[AndroidUiautomator2Driver@fd7c][0m Valid locator strategies for this request: xpath, id, class name, accessibility id, css selector, -android uiautomator
[38;5;117m[4cb8036e][0m[38;5;-177m[AndroidUiautomator2Driver@fd7c][0m Waiting up to 0 ms for condition
[38;5;117m[4cb8036e][0m[38;5;-177m[AndroidUiautomator2Driver@fd7c][0m Matched '/element' to command name 'findElement'
[38;5;117m[4cb8036e][0m[38;5;-177m[AndroidUiautomator2Driver@fd7c][0m Proxying [POST /element] to [POST http://127.0.0.1:8201/session/122786cf-8f77-49b9-9c4b-47402609145a/element] with body: {"strategy":"xpath","selector":"//android.widget.TextView[@text=\"Sign up\"]","context":"","multiple":false}
[38;5;117m[4cb8036e][0m[38;5;-177m[AndroidUiautomator2Driver@fd7c][0m Got response with status 200: {"sessionId":"122786cf-8f77-49b9-9c4b-47402609145a","value":{"ELEMENT":"00000000-0000-0433-ffff-ffff00000057","element-6066-11e4-a52e-4f735466cecf":"00000000-0000-0433-ffff-ffff00000057"}}
[38;5;117m[4cb8036e][0m[38;5;-177m[AndroidUiautomator2Driver@fd7c][0m Responding to client with driver.findElement() result: {"element-6066-11e4-a52e-4f735466cecf":"00000000-0000-0433-ffff-ffff00000057","ELEMENT":"00000000-0000-0433-ffff-ffff00000057"}
[38;5;117m[4cb8036e][0m[38;5;86m[HTTP][0m [37m<-- POST /session/4cb8036e-b650-48fd-b265-b63caac6b6d3/element [39m[32m200[39m [90m335 ms - 137[39m [90m[39m
[38;5;117m[4cb8036e][0m[38;5;86m[HTTP][0m [37m-->[39m [37mGET[39m [37m/session/4cb8036e-b650-48fd-b265-b63caac6b6d3/element/00000000-0000-0433-ffff-ffff00000057/displayed[39m [90m{}[39m
[38;5;117m[4cb8036e][0m[38;5;-177m[AndroidUiautomator2Driver@fd7c][0m Calling AppiumDriver.elementDisplayed() with args: ["00000000-0000-0433-ffff-ffff00000057","4cb8036e-b650-48fd-b265-b63caac6b6d3"]
[38;5;117m[4cb8036e][0m[38;5;-177m[AndroidUiautomator2Driver@fd7c][0m Matched '/element/00000000-0000-0433-ffff-ffff00000057/attribute/displayed' to command name 'getAttribute'
[38;5;117m[4cb8036e][0m[38;5;-177m[AndroidUiautomator2Driver@fd7c][0m Proxying [GET /element/00000000-0000-0433-ffff-ffff00000057/attribute/displayed] to [GET http://127.0.0.1:8201/session/122786cf-8f77-49b9-9c4b-47402609145a/element/00000000-0000-0433-ffff-ffff00000057/attribute/displayed] with no body
[38;5;117m[4cb8036e][0m[38;5;-177m[AndroidUiautomator2Driver@fd7c][0m Got response with status 200: {"sessionId":"122786cf-8f77-49b9-9c4b-47402609145a","value":"true"}
[38;5;117m[4cb8036e][0m[38;5;-177m[AndroidUiautomator2Driver@fd7c][0m Responding to client with driver.elementDisplayed() result: true
[38;5;117m[4cb8036e][0m[38;5;86m[HTTP][0m [37m<-- GET /session/4cb8036e-b650-48fd-b265-b63caac6b6d3/element/00000000-0000-0433-ffff-ffff00000057/displayed [39m[32m200[39m [90m214 ms - 14[39m [90m[39m
[38;5;117m[4cb8036e][0m[38;5;86m[HTTP][0m [37m-->[39m [37mPOST[39m [37m/session/4cb8036e-b650-48fd-b265-b63caac6b6d3/element/00000000-0000-0433-ffff-ffff00000057/click[39m [90m{}[39m
[38;5;117m[4cb8036e][0m[38;5;-177m[AndroidUiautomator2Driver@fd7c][0m Calling AppiumDriver.click() with args: ["00000000-0000-0433-ffff-ffff00000057","4cb8036e-b650-48fd-b265-b63caac6b6d3"]
[38;5;117m[4cb8036e][0m[38;5;-177m[AndroidUiautomator2Driver@fd7c][0m Matched '/element/00000000-0000-0433-ffff-ffff00000057/click' to command name 'click'
[38;5;117m[4cb8036e][0m[38;5;-177m[AndroidUiautomator2Driver@fd7c][0m Proxying [POST /element/00000000-0000-0433-ffff-ffff00000057/click] to [POST http://127.0.0.1:8201/session/122786cf-8f77-49b9-9c4b-47402609145a/element/00000000-0000-0433-ffff-ffff00000057/click] with body: {"element":"00000000-0000-0433-ffff-ffff00000057"}
[38;5;117m[4cb8036e][0m[38;5;-177m[AndroidUiautomator2Driver@fd7c][0m Got response with status 200: {"sessionId":"122786cf-8f77-49b9-9c4b-47402609145a","value":null}
[38;5;117m[4cb8036e][0m[38;5;-177m[AndroidUiautomator2Driver@fd7c][0m Responding to client with driver.click() result: null
[38;5;117m[4cb8036e][0m[38;5;86m[HTTP][0m [37m<-- POST /session/4cb8036e-b650-48fd-b265-b63caac6b6d3/element/00000000-0000-0433-ffff-ffff00000057/click [39m[32m200[39m [90m59 ms - 14[39m [90m[39m
[38;5;117m[4cb8036e][0m[38;5;86m[HTTP][0m [37m-->[39m [37mPOST[39m [37m/session/4cb8036e-b650-48fd-b265-b63caac6b6d3/element[39m [90m{"using":"xpath","value":"//android.widget.EditText[@content-desc=\"input-email\"]"}[39m
[38;5;117m[4cb8036e][0m[38;5;-177m[AndroidUiautomator2Driver@fd7c][0m Calling AppiumDriver.findElement() with args: ["xpath","//android.widget.EditText[@content-desc=\"input-email\"]","4cb8036e-b650-48fd-b265-b63caac6b6d3"]
[38;5;117m[4cb8036e][0m[38;5;-177m[AndroidUiautomator2Driver@fd7c][0m Valid locator strategies for this request: xpath, id, class name, accessibility id, css selector, -android uiautomator
[38;5;117m[4cb8036e][0m[38;5;-177m[AndroidUiautomator2Driver@fd7c][0m Waiting up to 0 ms for condition
[38;5;117m[4cb8036e][0m[38;5;-177m[AndroidUiautomator2Driver@fd7c][0m Matched '/element' to command name 'findElement'
[38;5;117m[4cb8036e][0m[38;5;-177m[AndroidUiautomator2Driver@fd7c][0m Proxying [POST /element] to [POST http://127.0.0.1:8201/session/122786cf-8f77-49b9-9c4b-47402609145a/element] with body: {"strategy":"xpath","selector":"//android.widget.EditText[@content-desc=\"input-email\"]","context":"","multiple":false}
[38;5;117m[4cb8036e][0m[38;5;-177m[AndroidUiautomator2Driver@fd7c][0m Got response with status 200: {"sessionId":"122786cf-8f77-49b9-9c4b-47402609145a","value":{"ELEMENT":"00000000-0000-0433-ffff-ffff0000005c","element-6066-11e4-a52e-4f735466cecf":"00000000-0000-0433-ffff-ffff0000005c"}}
[38;5;117m[4cb8036e][0m[38;5;-177m[AndroidUiautomator2Driver@fd7c][0m Responding to client with driver.findElement() result: {"element-6066-11e4-a52e-4f735466cecf":"00000000-0000-0433-ffff-ffff0000005c","ELEMENT":"00000000-0000-0433-ffff-ffff0000005c"}
[38;5;117m[4cb8036e][0m[38;5;86m[HTTP][0m [37m<-- POST /session/4cb8036e-b650-48fd-b265-b63caac6b6d3/element [39m[32m200[39m [90m387 ms - 137[39m [90m[39m
[38;5;117m[4cb8036e][0m[38;5;86m[HTTP][0m [37m-->[39m [37mGET[39m [37m/session/4cb8036e-b650-48fd-b265-b63caac6b6d3/element/00000000-0000-0433-ffff-ffff0000005c/displayed[39m [90m{}[39m
[38;5;117m[4cb8036e][0m[38;5;-177m[AndroidUiautomator2Driver@fd7c][0m Calling AppiumDriver.elementDisplayed() with args: ["00000000-0000-0433-ffff-ffff0000005c","4cb8036e-b650-48fd-b265-b63caac6b6d3"]
[38;5;117m[4cb8036e][0m[38;5;-177m[AndroidUiautomator2Driver@fd7c][0m Matched '/element/00000000-0000-0433-ffff-ffff0000005c/attribute/displayed' to command name 'getAttribute'
[38;5;117m[4cb8036e][0m[38;5;-177m[AndroidUiautomator2Driver@fd7c][0m Proxying [GET /element/00000000-0000-0433-ffff-ffff0000005c/attribute/displayed] to [GET http://127.0.0.1:8201/session/122786cf-8f77-49b9-9c4b-47402609145a/element/00000000-0000-0433-ffff-ffff0000005c/attribute/displayed] with no body
[38;5;117m[4cb8036e][0m[38;5;-177m[AndroidUiautomator2Driver@fd7c][0m Got response with status 200: {"sessionId":"122786cf-8f77-49b9-9c4b-47402609145a","value":"true"}
[38;5;117m[4cb8036e][0m[38;5;-177m[AndroidUiautomator2Driver@fd7c][0m Responding to client with driver.elementDisplayed() result: true
[38;5;117m[4cb8036e][0m[38;5;86m[HTTP][0m [37m<-- GET /session/4cb8036e-b650-48fd-b265-b63caac6b6d3/element/00000000-0000-0433-ffff-ffff0000005c/displayed [39m[32m200[39m [90m465 ms - 14[39m [90m[39m
[38;5;117m[4cb8036e][0m[38;5;86m[HTTP][0m [37m-->[39m [37mGET[39m [37m/session/4cb8036e-b650-48fd-b265-b63caac6b6d3/element/00000000-0000-0433-ffff-ffff0000005c/enabled[39m [90m{}[39m
[38;5;117m[4cb8036e][0m[38;5;-177m[AndroidUiautomator2Driver@fd7c][0m Calling AppiumDriver.elementEnabled() with args: ["00000000-0000-0433-ffff-ffff0000005c","4cb8036e-b650-48fd-b265-b63caac6b6d3"]
[38;5;117m[4cb8036e][0m[38;5;-177m[AndroidUiautomator2Driver@fd7c][0m Matched '/element/00000000-0000-0433-ffff-ffff0000005c/attribute/enabled' to command name 'getAttribute'
[38;5;117m[4cb8036e][0m[38;5;-177m[AndroidUiautomator2Driver@fd7c][0m Proxying [GET /element/00000000-0000-0433-ffff-ffff0000005c/attribute/enabled] to [GET http://127.0.0.1:8201/session/122786cf-8f77-49b9-9c4b-47402609145a/element/00000000-0000-0433-ffff-ffff0000005c/attribute/enabled] with no body
[38;5;117m[4cb8036e][0m[38;5;-177m[AndroidUiautomator2Driver@fd7c][0m Got response with status 200: {"sessionId":"122786cf-8f77-49b9-9c4b-47402609145a","value":"true"}
[38;5;117m[4cb8036e][0m[38;5;-177m[AndroidUiautomator2Driver@fd7c][0m Responding to client with driver.elementEnabled() result: true
[38;5;117m[4cb8036e][0m[38;5;86m[HTTP][0m [37m<-- GET /session/4cb8036e-b650-48fd-b265-b63caac6b6d3/element/00000000-0000-0433-ffff-ffff0000005c/enabled [39m[32m200[39m [90m14 ms - 14[39m [90m[39m
[38;5;117m[4cb8036e][0m[38;5;86m[HTTP][0m [37m-->[39m [37mPOST[39m [37m/session/4cb8036e-b650-48fd-b265-b63caac6b6d3/element/00000000-0000-0433-ffff-ffff0000005c/value[39m [90m{"text":"MarlonAmorim@gmail.com"}[39m
[38;5;117m[4cb8036e][0m[38;5;-177m[AndroidUiautomator2Driver@fd7c][0m Calling AppiumDriver.setValue() with args: ["MarlonAmorim@gmail.com","00000000-0000-0433-ffff-ffff0000005c","4cb8036e-b650-48fd-b265-b63caac6b6d3"]
[38;5;117m[4cb8036e][0m[38;5;-177m[AndroidUiautomator2Driver@fd7c][0m Matched '/element/00000000-0000-0433-ffff-ffff0000005c/value' to command name 'setValue'
[38;5;117m[4cb8036e][0m[38;5;-177m[AndroidUiautomator2Driver@fd7c][0m Added 'value' property ["M","a","r","l","o","n","A","m","o","r","i","m","@","g","m","a","i","l",".","c","o","m"] to 'setValue' request body
[38;5;117m[4cb8036e][0m[38;5;-177m[AndroidUiautomator2Driver@fd7c][0m Proxying [POST /element/00000000-0000-0433-ffff-ffff0000005c/value] to [POST http://127.0.0.1:8201/session/122786cf-8f77-49b9-9c4b-47402609145a/element/00000000-0000-0433-ffff-ffff0000005c/value] with body: {"elementId":"00000000-0000-0433-ffff-ffff0000005c","text":"MarlonAmorim@gmail.com","replace":false,"value":["M","a","r","l","o","n","A","m","o","r","i","m","@","g","m","a","i","l",".","c","o","m"]}
[38;5;117m[4cb8036e][0m[38;5;-177m[AndroidUiautomator2Driver@fd7c][0m Got response with status 200: {"sessionId":"122786cf-8f77-49b9-9c4b-47402609145a","value":null}
[38;5;117m[4cb8036e][0m[38;5;-177m[AndroidUiautomator2Driver@fd7c][0m Responding to client with driver.setValue() result: null
[38;5;117m[4cb8036e][0m[38;5;86m[HTTP][0m [37m<-- POST /session/4cb8036e-b650-48fd-b265-b63caac6b6d3/element/00000000-0000-0433-ffff-ffff0000005c/value [39m[32m200[39m [90m562 ms - 14[39m [90m[39m
[38;5;117m[4cb8036e][0m[38;5;86m[HTTP][0m [37m-->[39m [37mPOST[39m [37m/session/4cb8036e-b650-48fd-b265-b63caac6b6d3/element[39m [90m{"using":"xpath","value":"//android.widget.EditText[@content-desc=\"input-password\"]"}[39m
[38;5;117m[4cb8036e][0m[38;5;-177m[AndroidUiautomator2Driver@fd7c][0m Calling AppiumDriver.findElement() with args: ["xpath","//android.widget.EditText[@content-desc=\"input-password\"]","4cb8036e-b650-48fd-b265-b63caac6b6d3"]
[38;5;117m[4cb8036e][0m[38;5;-177m[AndroidUiautomator2Driver@fd7c][0m Valid locator strategies for this request: xpath, id, class name, accessibility id, css selector, -android uiautomator
[38;5;117m[4cb8036e][0m[38;5;-177m[AndroidUiautomator2Driver@fd7c][0m Waiting up to 0 ms for condition
[38;5;117m[4cb8036e][0m[38;5;-177m[AndroidUiautomator2Driver@fd7c][0m Matched '/element' to command name 'findElement'
[38;5;117m[4cb8036e][0m[38;5;-177m[AndroidUiautomator2Driver@fd7c][0m Proxying [POST /element] to [POST http://127.0.0.1:8201/session/122786cf-8f77-49b9-9c4b-47402609145a/element] with body: {"strategy":"xpath","selector":"//android.widget.EditText[@content-desc=\"input-password\"]","context":"","multiple":false}
[38;5;117m[4cb8036e][0m[38;5;-177m[AndroidUiautomator2Driver@fd7c][0m Got response with status 200: {"sessionId":"122786cf-8f77-49b9-9c4b-47402609145a","value":{"ELEMENT":"00000000-0000-0433-ffff-ffff00000060","element-6066-11e4-a52e-4f735466cecf":"00000000-0000-0433-ffff-ffff00000060"}}
[38;5;117m[4cb8036e][0m[38;5;-177m[AndroidUiautomator2Driver@fd7c][0m Responding to client with driver.findElement() result: {"element-6066-11e4-a52e-4f735466cecf":"00000000-0000-0433-ffff-ffff00000060","ELEMENT":"00000000-0000-0433-ffff-ffff00000060"}
[38;5;117m[4cb8036e][0m[38;5;86m[HTTP][0m [37m<-- POST /session/4cb8036e-b650-48fd-b265-b63caac6b6d3/element [39m[32m200[39m [90m559 ms - 137[39m [90m[39m
[38;5;117m[4cb8036e][0m[38;5;86m[HTTP][0m [37m-->[39m [37mGET[39m [37m/session/4cb8036e-b650-48fd-b265-b63caac6b6d3/element/00000000-0000-0433-ffff-ffff00000060/displayed[39m [90m{}[39m
[38;5;117m[4cb8036e][0m[38;5;-177m[AndroidUiautomator2Driver@fd7c][0m Calling AppiumDriver.elementDisplayed() with args: ["00000000-0000-0433-ffff-ffff00000060","4cb8036e-b650-48fd-b265-b63caac6b6d3"]
[38;5;117m[4cb8036e][0m[38;5;-177m[AndroidUiautomator2Driver@fd7c][0m Matched '/element/00000000-0000-0433-ffff-ffff00000060/attribute/displayed' to command name 'getAttribute'
[38;5;117m[4cb8036e][0m[38;5;-177m[AndroidUiautomator2Driver@fd7c][0m Proxying [GET /element/00000000-0000-0433-ffff-ffff00000060/attribute/displayed] to [GET http://127.0.0.1:8201/session/122786cf-8f77-49b9-9c4b-47402609145a/element/00000000-0000-0433-ffff-ffff00000060/attribute/displayed] with no body
[38;5;117m[4cb8036e][0m[38;5;-177m[AndroidUiautomator2Driver@fd7c][0m Got response with status 200: {"sessionId":"122786cf-8f77-49b9-9c4b-47402609145a","value":"true"}
[38;5;117m[4cb8036e][0m[38;5;-177m[AndroidUiautomator2Driver@fd7c][0m Responding to client with driver.elementDisplayed() result: true
[38;5;117m[4cb8036e][0m[38;5;86m[HTTP][0m [37m<-- GET /session/4cb8036e-b650-48fd-b265-b63caac6b6d3/element/00000000-0000-0433-ffff-ffff00000060/displayed [39m[32m200[39m [90m11 ms - 14[39m [90m[39m
[38;5;117m[4cb8036e][0m[38;5;86m[HTTP][0m [37m-->[39m [37mGET[39m [37m/session/4cb8036e-b650-48fd-b265-b63caac6b6d3/element/00000000-0000-0433-ffff-ffff00000060/enabled[39m [90m{}[39m
[38;5;117m[4cb8036e][0m[38;5;-177m[AndroidUiautomator2Driver@fd7c][0m Calling AppiumDriver.elementEnabled() with args: ["00000000-0000-0433-ffff-ffff00000060","4cb8036e-b650-48fd-b265-b63caac6b6d3"]
[38;5;117m[4cb8036e][0m[38;5;-177m[AndroidUiautomator2Driver@fd7c][0m Matched '/element/00000000-0000-0433-ffff-ffff00000060/attribute/enabled' to command name 'getAttribute'
[38;5;117m[4cb8036e][0m[38;5;-177m[AndroidUiautomator2Driver@fd7c][0m Proxying [GET /element/00000000-0000-0433-ffff-ffff00000060/attribute/enabled] to [GET http://127.0.0.1:8201/session/122786cf-8f77-49b9-9c4b-47402609145a/element/00000000-0000-0433-ffff-ffff00000060/attribute/enabled] with no body
[38;5;117m[4cb8036e][0m[38;5;-177m[AndroidUiautomator2Driver@fd7c][0m Got response with status 200: {"sessionId":"122786cf-8f77-49b9-9c4b-47402609145a","value":"true"}
[38;5;117m[4cb8036e][0m[38;5;-177m[AndroidUiautomator2Driver@fd7c][0m Responding to client with driver.elementEnabled() result: true
[38;5;117m[4cb8036e][0m[38;5;86m[HTTP][0m [37m<-- GET /session/4cb8036e-b650-48fd-b265-b63caac6b6d3/element/00000000-0000-0433-ffff-ffff00000060/enabled [39m[32m200[39m [90m12 ms - 14[39m [90m[39m
[38;5;117m[4cb8036e][0m[38;5;86m[HTTP][0m [37m-->[39m [37mPOST[39m [37m/session/4cb8036e-b650-48fd-b265-b63caac6b6d3/element/00000000-0000-0433-ffff-ffff00000060/value[39m [90m{"text":"Marlon123teste"}[39m
[38;5;117m[4cb8036e][0m[38;5;-177m[AndroidUiautomator2Driver@fd7c][0m Calling AppiumDriver.setValue() with args: ["Marlon123teste","00000000-0000-0433-ffff-ffff00000060","4cb8036e-b650-48fd-b265-b63caac6b6d3"]
[38;5;117m[4cb8036e][0m[38;5;-177m[AndroidUiautomator2Driver@fd7c][0m Matched '/element/00000000-0000-0433-ffff-ffff00000060/value' to command name 'setValue'
[38;5;117m[4cb8036e][0m[38;5;-177m[AndroidUiautomator2Driver@fd7c][0m Added 'value' property ["M","a","r","l","o","n","1","2","3","t","e","s","t","e"] to 'setValue' request body
[38;5;117m[4cb8036e][0m[38;5;-177m[AndroidUiautomator2Driver@fd7c][0m Proxying [POST /element/00000000-0000-0433-ffff-ffff00000060/value] to [POST http://127.0.0.1:8201/session/122786cf-8f77-49b9-9c4b-47402609145a/element/00000000-0000-0433-ffff-ffff00000060/value] with body: {"elementId":"00000000-0000-0433-ffff-ffff00000060","text":"Marlon123teste","replace":false,"value":["M","a","r","l","o","n","1","2","3","t","e","s","t","e"]}
[38;5;117m[4cb8036e][0m[38;5;-177m[AndroidUiautomator2Driver@fd7c][0m Got response with status 200: {"sessionId":"122786cf-8f77-49b9-9c4b-47402609145a","value":null}
[38;5;117m[4cb8036e][0m[38;5;-177m[AndroidUiautomator2Driver@fd7c][0m Responding to client with driver.setValue() result: null
[38;5;117m[4cb8036e][0m[38;5;86m[HTTP][0m [37m<-- POST /session/4cb8036e-b650-48fd-b265-b63caac6b6d3/element/00000000-0000-0433-ffff-ffff00000060/value [39m[32m200[39m [90m527 ms - 14[39m [90m[39m
[38;5;117m[4cb8036e][0m[38;5;86m[HTTP][0m [37m-->[39m [37mPOST[39m [37m/session/4cb8036e-b650-48fd-b265-b63caac6b6d3/element[39m [90m{"using":"xpath","value":"//android.widget.EditText[@content-desc=\"input-repeat-password\"]"}[39m
[38;5;117m[4cb8036e][0m[38;5;-177m[AndroidUiautomator2Driver@fd7c][0m Calling AppiumDriver.findElement() with args: ["xpath","//android.widget.EditText[@content-desc=\"input-repeat-password\"]","4cb8036e-b650-48fd-b265-b63caac6b6d3"]
[38;5;117m[4cb8036e][0m[38;5;-177m[AndroidUiautomator2Driver@fd7c][0m Valid locator strategies for this request: xpath, id, class name, accessibility id, css selector, -android uiautomator
[38;5;117m[4cb8036e][0m[38;5;-177m[AndroidUiautomator2Driver@fd7c][0m Waiting up to 0 ms for condition
[38;5;117m[4cb8036e][0m[38;5;-177m[AndroidUiautomator2Driver@fd7c][0m Matched '/element' to command name 'findElement'
[38;5;117m[4cb8036e][0m[38;5;-177m[AndroidUiautomator2Driver@fd7c][0m Proxying [POST /element] to [POST http://127.0.0.1:8201/session/122786cf-8f77-49b9-9c4b-47402609145a/element] with body: {"strategy":"xpath","selector":"//android.widget.EditText[@content-desc=\"input-repeat-password\"]","context":"","multiple":false}
[38;5;117m[4cb8036e][0m[38;5;-177m[AndroidUiautomator2Driver@fd7c][0m Got response with status 200: {"sessionId":"122786cf-8f77-49b9-9c4b-47402609145a","value":{"ELEMENT":"00000000-0000-0433-ffff-ffff00000083","element-6066-11e4-a52e-4f735466cecf":"00000000-0000-0433-ffff-ffff00000083"}}
[38;5;117m[4cb8036e][0m[38;5;-177m[AndroidUiautomator2Driver@fd7c][0m Responding to client with driver.findElement() result: {"element-6066-11e4-a52e-4f735466cecf":"00000000-0000-0433-ffff-ffff00000083","ELEMENT":"00000000-0000-0433-ffff-ffff00000083"}
[38;5;117m[4cb8036e][0m[38;5;86m[HTTP][0m [37m<-- POST /session/4cb8036e-b650-48fd-b265-b63caac6b6d3/element [39m[32m200[39m [90m550 ms - 137[39m [90m[39m
[38;5;117m[4cb8036e][0m[38;5;86m[HTTP][0m [37m-->[39m [37mGET[39m [37m/session/4cb8036e-b650-48fd-b265-b63caac6b6d3/element/00000000-0000-0433-ffff-ffff00000083/displayed[39m [90m{}[39m
[38;5;117m[4cb8036e][0m[38;5;-177m[AndroidUiautomator2Driver@fd7c][0m Calling AppiumDriver.elementDisplayed() with args: ["00000000-0000-0433-ffff-ffff00000083","4cb8036e-b650-48fd-b265-b63caac6b6d3"]
[38;5;117m[4cb8036e][0m[38;5;-177m[AndroidUiautomator2Driver@fd7c][0m Matched '/element/00000000-0000-0433-ffff-ffff00000083/attribute/displayed' to command name 'getAttribute'
[38;5;117m[4cb8036e][0m[38;5;-177m[AndroidUiautomator2Driver@fd7c][0m Proxying [GET /element/00000000-0000-0433-ffff-ffff00000083/attribute/displayed] to [GET http://127.0.0.1:8201/session/122786cf-8f77-49b9-9c4b-47402609145a/element/00000000-0000-0433-ffff-ffff00000083/attribute/displayed] with no body
[38;5;117m[4cb8036e][0m[38;5;-177m[AndroidUiautomator2Driver@fd7c][0m Got response with status 200: {"sessionId":"122786cf-8f77-49b9-9c4b-47402609145a","value":"true"}
[38;5;117m[4cb8036e][0m[38;5;-177m[AndroidUiautomator2Driver@fd7c][0m Responding to client with driver.elementDisplayed() result: true
[38;5;117m[4cb8036e][0m[38;5;86m[HTTP][0m [37m<-- GET /session/4cb8036e-b650-48fd-b265-b63caac6b6d3/element/00000000-0000-0433-ffff-ffff00000083/displayed [39m[32m200[39m [90m15 ms - 14[39m [90m[39m
[38;5;117m[4cb8036e][0m[38;5;86m[HTTP][0m [37m-->[39m [37mGET[39m [37m/session/4cb8036e-b650-48fd-b265-b63caac6b6d3/element/00000000-0000-0433-ffff-ffff00000083/enabled[39m [90m{}[39m
[38;5;117m[4cb8036e][0m[38;5;-177m[AndroidUiautomator2Driver@fd7c][0m Calling AppiumDriver.elementEnabled() with args: ["00000000-0000-0433-ffff-ffff00000083","4cb8036e-b650-48fd-b265-b63caac6b6d3"]
[38;5;117m[4cb8036e][0m[38;5;-177m[AndroidUiautomator2Driver@fd7c][0m Matched '/element/00000000-0000-0433-ffff-ffff00000083/attribute/enabled' to command name 'getAttribute'
[38;5;117m[4cb8036e][0m[38;5;-177m[AndroidUiautomator2Driver@fd7c][0m Proxying [GET /element/00000000-0000-0433-ffff-ffff00000083/attribute/enabled] to [GET http://127.0.0.1:8201/session/122786cf-8f77-49b9-9c4b-47402609145a/element/00000000-0000-0433-ffff-ffff00000083/attribute/enabled] with no body
[38;5;117m[4cb8036e][0m[38;5;-177m[AndroidUiautomator2Driver@fd7c][0m Got response with status 200: {"sessionId":"122786cf-8f77-49b9-9c4b-47402609145a","value":"true"}
[38;5;117m[4cb8036e][0m[38;5;-177m[AndroidUiautomator2Driver@fd7c][0m Responding to client with driver.elementEnabled() result: true
[38;5;117m[4cb8036e][0m[38;5;86m[HTTP][0m [37m<-- GET /session/4cb8036e-b650-48fd-b265-b63caac6b6d3/element/00000000-0000-0433-ffff-ffff00000083/enabled [39m[32m200[39m [90m13 ms - 14[39m [90m[39m
[38;5;117m[4cb8036e][0m[38;5;86m[HTTP][0m [37m-->[39m [37mPOST[39m [37m/session/4cb8036e-b650-48fd-b265-b63caac6b6d3/element/00000000-0000-0433-ffff-ffff00000083/value[39m [90m{"text":"Marlon123teste"}[39m
[38;5;117m[4cb8036e][0m[38;5;-177m[AndroidUiautomator2Driver@fd7c][0m Calling AppiumDriver.setValue() with args: ["Marlon123teste","00000000-0000-0433-ffff-ffff00000083","4cb8036e-b650-48fd-b265-b63caac6b6d3"]
[38;5;117m[4cb8036e][0m[38;5;-177m[AndroidUiautomator2Driver@fd7c][0m Matched '/element/00000000-0000-0433-ffff-ffff00000083/value' to command name 'setValue'
[38;5;117m[4cb8036e][0m[38;5;-177m[AndroidUiautomator2Driver@fd7c][0m Added 'value' property ["M","a","r","l","o","n","1","2","3","t","e","s","t","e"] to 'setValue' request body
[38;5;117m[4cb8036e][0m[38;5;-177m[AndroidUiautomator2Driver@fd7c][0m Proxying [POST /element/00000000-0000-0433-ffff-ffff00000083/value] to [POST http://127.0.0.1:8201/session/122786cf-8f77-49b9-9c4b-47402609145a/element/00000000-0000-0433-ffff-ffff00000083/value] with body: {"elementId":"00000000-0000-0433-ffff-ffff00000083","text":"Marlon123teste","replace":false,"value":["M","a","r","l","o","n","1","2","3","t","e","s","t","e"]}
[38;5;117m[4cb8036e][0m[38;5;-177m[AndroidUiautomator2Driver@fd7c][0m Got response with status 200: {"sessionId":"122786cf-8f77-49b9-9c4b-47402609145a","value":null}
[38;5;117m[4cb8036e][0m[38;5;-177m[AndroidUiautomator2Driver@fd7c][0m Responding to client with driver.setValue() result: null
[38;5;117m[4cb8036e][0m[38;5;86m[HTTP][0m [37m<-- POST /session/4cb8036e-b650-48fd-b265-b63caac6b6d3/element/00000000-0000-0433-ffff-ffff00000083/value [39m[32m200[39m [90m524 ms - 14[39m [90m[39m
[38;5;117m[4cb8036e][0m[38;5;86m[HTTP][0m [37m-->[39m [37mPOST[39m [37m/session/4cb8036e-b650-48fd-b265-b63caac6b6d3/element[39m [90m{"using":"xpath","value":"//android.view.ViewGroup[@content-desc=\"button-SIGN UP\"]/android.view.ViewGroup"}[39m
[38;5;117m[4cb8036e][0m[38;5;-177m[AndroidUiautomator2Driver@fd7c][0m Calling AppiumDriver.findElement() with args: ["xpath","//android.view.ViewGroup[@content-desc=\"button-SIGN UP\"]/android.view.ViewGroup","4cb8036e-b650-48fd-b265-b63caac6b6d3"]
[38;5;117m[4cb8036e][0m[38;5;-177m[AndroidUiautomator2Driver@fd7c][0m Valid locator strategies for this request: xpath, id, class name, accessibility id, css selector, -android uiautomator
[38;5;117m[4cb8036e][0m[38;5;-177m[AndroidUiautomator2Driver@fd7c][0m Waiting up to 0 ms for condition
[38;5;117m[4cb8036e][0m[38;5;-177m[AndroidUiautomator2Driver@fd7c][0m Matched '/element' to command name 'findElement'
[38;5;117m[4cb8036e][0m[38;5;-177m[AndroidUiautomator2Driver@fd7c][0m Proxying [POST /element] to [POST http://127.0.0.1:8201/session/122786cf-8f77-49b9-9c4b-47402609145a/element] with body: {"strategy":"xpath","selector":"//android.view.ViewGroup[@content-desc=\"button-SIGN UP\"]/android.view.ViewGroup","context":"","multiple":false}
[38;5;117m[4cb8036e][0m[38;5;-177m[AndroidUiautomator2Driver@fd7c][0m Got response with status 200: {"sessionId":"122786cf-8f77-49b9-9c4b-47402609145a","value":{"ELEMENT":"00000000-0000-0433-ffff-ffff00000064","element-6066-11e4-a52e-4f735466cecf":"00000000-0000-0433-ffff-ffff00000064"}}
[38;5;117m[4cb8036e][0m[38;5;-177m[AndroidUiautomator2Driver@fd7c][0m Responding to client with driver.findElement() result: {"element-6066-11e4-a52e-4f735466cecf":"00000000-0000-0433-ffff-ffff00000064","ELEMENT":"00000000-0000-0433-ffff-ffff00000064"}
[38;5;117m[4cb8036e][0m[38;5;86m[HTTP][0m [37m<-- POST /session/4cb8036e-b650-48fd-b265-b63caac6b6d3/element [39m[32m200[39m [90m557 ms - 137[39m [90m[39m
[38;5;117m[4cb8036e][0m[38;5;86m[HTTP][0m [37m-->[39m [37mGET[39m [37m/session/4cb8036e-b650-48fd-b265-b63caac6b6d3/element/00000000-0000-0433-ffff-ffff00000064/displayed[39m [90m{}[39m
[38;5;117m[4cb8036e][0m[38;5;-177m[AndroidUiautomator2Driver@fd7c][0m Calling AppiumDriver.elementDisplayed() with args: ["00000000-0000-0433-ffff-ffff00000064","4cb8036e-b650-48fd-b265-b63caac6b6d3"]
[38;5;117m[4cb8036e][0m[38;5;-177m[AndroidUiautomator2Driver@fd7c][0m Matched '/element/00000000-0000-0433-ffff-ffff00000064/attribute/displayed' to command name 'getAttribute'
[38;5;117m[4cb8036e][0m[38;5;-177m[AndroidUiautomator2Driver@fd7c][0m Proxying [GET /element/00000000-0000-0433-ffff-ffff00000064/attribute/displayed] to [GET http://127.0.0.1:8201/session/122786cf-8f77-49b9-9c4b-47402609145a/element/00000000-0000-0433-ffff-ffff00000064/attribute/displayed] with no body
[38;5;117m[4cb8036e][0m[38;5;-177m[AndroidUiautomator2Driver@fd7c][0m Got response with status 200: {"sessionId":"122786cf-8f77-49b9-9c4b-47402609145a","value":"true"}
[38;5;117m[4cb8036e][0m[38;5;-177m[AndroidUiautomator2Driver@fd7c][0m Responding to client with driver.elementDisplayed() result: true
[38;5;117m[4cb8036e][0m[38;5;86m[HTTP][0m [37m<-- GET /session/4cb8036e-b650-48fd-b265-b63caac6b6d3/element/00000000-0000-0433-ffff-ffff00000064/displayed [39m[32m200[39m [90m11 ms - 14[39m [90m[39m
[38;5;117m[4cb8036e][0m[38;5;86m[HTTP][0m [37m-->[39m [37mPOST[39m [37m/session/4cb8036e-b650-48fd-b265-b63caac6b6d3/element/00000000-0000-0433-ffff-ffff00000064/click[39m [90m{}[39m
[38;5;117m[4cb8036e][0m[38;5;-177m[AndroidUiautomator2Driver@fd7c][0m Calling AppiumDriver.click() with args: ["00000000-0000-0433-ffff-ffff00000064","4cb8036e-b650-48fd-b265-b63caac6b6d3"]
[38;5;117m[4cb8036e][0m[38;5;-177m[AndroidUiautomator2Driver@fd7c][0m Matched '/element/00000000-0000-0433-ffff-ffff00000064/click' to command name 'click'
[38;5;117m[4cb8036e][0m[38;5;-177m[AndroidUiautomator2Driver@fd7c][0m Proxying [POST /element/00000000-0000-0433-ffff-ffff00000064/click] to [POST http://127.0.0.1:8201/session/122786cf-8f77-49b9-9c4b-47402609145a/element/00000000-0000-0433-ffff-ffff00000064/click] with body: {"element":"00000000-0000-0433-ffff-ffff00000064"}
[38;5;117m[4cb8036e][0m[38;5;-177m[AndroidUiautomator2Driver@fd7c][0m Got response with status 200: {"sessionId":"122786cf-8f77-49b9-9c4b-47402609145a","value":null}
[38;5;117m[4cb8036e][0m[38;5;-177m[AndroidUiautomator2Driver@fd7c][0m Responding to client with driver.click() result: null
[38;5;117m[4cb8036e][0m[38;5;86m[HTTP][0m [37m<-- POST /session/4cb8036e-b650-48fd-b265-b63caac6b6d3/element/00000000-0000-0433-ffff-ffff00000064/click [39m[32m200[39m [90m57 ms - 14[39m [90m[39m
[38;5;117m[4cb8036e][0m[38;5;86m[HTTP][0m [37m-->[39m [37mPOST[39m [37m/session/4cb8036e-b650-48fd-b265-b63caac6b6d3/element[39m [90m{"using":"xpath","value":"//android.widget.Button[@text=\"OK\"]"}[39m
[38;5;117m[4cb8036e][0m[38;5;-177m[AndroidUiautomator2Driver@fd7c][0m Calling AppiumDriver.findElement() with args: ["xpath","//android.widget.Button[@text=\"OK\"]","4cb8036e-b650-48fd-b265-b63caac6b6d3"]
[38;5;117m[4cb8036e][0m[38;5;-177m[AndroidUiautomator2Driver@fd7c][0m Valid locator strategies for this request: xpath, id, class name, accessibility id, css selector, -android uiautomator
[38;5;117m[4cb8036e][0m[38;5;-177m[AndroidUiautomator2Driver@fd7c][0m Waiting up to 0 ms for condition
[38;5;117m[4cb8036e][0m[38;5;-177m[AndroidUiautomator2Driver@fd7c][0m Matched '/element' to command name 'findElement'
[38;5;117m[4cb8036e][0m[38;5;-177m[AndroidUiautomator2Driver@fd7c][0m Proxying [POST /element] to [POST http://127.0.0.1:8201/session/122786cf-8f77-49b9-9c4b-47402609145a/element] with body: {"strategy":"xpath","selector":"//android.widget.Button[@text=\"OK\"]","context":"","multiple":false}
[38;5;117m[4cb8036e][0m[38;5;-177m[AndroidUiautomator2Driver@fd7c][0m Got response with status 404: {"sessionId":"122786cf-8f77-49b9-9c4b-47402609145a","value":{"error":"no such element","message":"An element could not be located on the page using the given search parameters","stacktrace":"io.appium.uiautomator2.common.exceptions.ElementNotFoundException: An element could not be located on the page using the given search parameters\n\tat io.appium.uiautomator2.utils.ElementLocationHelpers.findElement(ElementLocationHelpers.java:156)\n\tat io.appium.uiautomator2.handler.FindElement.safeHandle(FindElement.java:60)\n\tat io.appium.uiautomator2.handler.request.SafeRequestHandler.handle(SafeRequestHandler.java:59)\n\tat io.appium.uiautomator2.server.AppiumServlet.handleRequest(AppiumServlet.java:259)\n\tat io.appium.uiautomator2.server.AppiumServlet.handleHttpRequest(AppiumServlet.java:253)\n\tat io.appium.uiautomator2.http.ServerHandler.channelRead(ServerHandler.java:77)\n\tat io.netty.channel.AbstractChannelHandlerContext.invokeChannelRead(AbstractChannelHandlerContext.java:374)\n\tat io.netty.channel.Abstr...
[38;5;117m[4cb8036e][0m[38;5;123m[W3C][0m Matched W3C error code 'no such element' to NoSuchElementError
[38;5;117m[4cb8036e][0m[38;5;-177m[AndroidUiautomator2Driver@fd7c][0m Encountered internal error running command: NoSuchElementError: An element could not be located on the page using the given search parameters.
    at AndroidUiautomator2Driver.findElOrEls (C:\Users\sddam\OneDrive\Documentos\automacao\projeto-apresentacao\automacao-webdriverIO\node_modules\appium-uiautomator2-driver\node_modules\appium-android-driver\lib\commands\find.ts:86:11)
    at processTicksAndRejections (node:internal/process/task_queues:105:5)
    at AndroidUiautomator2Driver.findElOrElsWithProcessing (C:\Users\sddam\OneDrive\Documentos\automacao\projeto-apresentacao\automacao-webdriverIO\node_modules\appium-uiautomator2-driver\node_modules\@appium\base-driver\lib\basedriver\commands\find.ts:60:12)
    at AndroidUiautomator2Driver.findElement (C:\Users\sddam\OneDrive\Documentos\automacao\projeto-apresentacao\automacao-webdriverIO\node_modules\appium-uiautomator2-driver\node_modules\@appium\base-driver\lib\basedriver\commands\find.ts:75:12)
[38;5;117m[4cb8036e][0m[38;5;86m[HTTP][0m [37m<-- POST /session/4cb8036e-b650-48fd-b265-b63caac6b6d3/element [39m[33m404[39m [90m100 ms - 1110[39m [90m[39m
[38;5;117m[4cb8036e][0m[38;5;86m[HTTP][0m [37m-->[39m [37mPOST[39m [37m/session/4cb8036e-b650-48fd-b265-b63caac6b6d3/element[39m [90m{"using":"xpath","value":"//android.widget.Button[@text=\"OK\"]"}[39m
[38;5;117m[4cb8036e][0m[38;5;-177m[AndroidUiautomator2Driver@fd7c][0m Calling AppiumDriver.findElement() with args: ["xpath","//android.widget.Button[@text=\"OK\"]","4cb8036e-b650-48fd-b265-b63caac6b6d3"]
[38;5;117m[4cb8036e][0m[38;5;-177m[AndroidUiautomator2Driver@fd7c][0m Valid locator strategies for this request: xpath, id, class name, accessibility id, css selector, -android uiautomator
[38;5;117m[4cb8036e][0m[38;5;-177m[AndroidUiautomator2Driver@fd7c][0m Waiting up to 0 ms for condition
[38;5;117m[4cb8036e][0m[38;5;-177m[AndroidUiautomator2Driver@fd7c][0m Matched '/element' to command name 'findElement'
[38;5;117m[4cb8036e][0m[38;5;-177m[AndroidUiautomator2Driver@fd7c][0m Proxying [POST /element] to [POST http://127.0.0.1:8201/session/122786cf-8f77-49b9-9c4b-47402609145a/element] with body: {"strategy":"xpath","selector":"//android.widget.Button[@text=\"OK\"]","context":"","multiple":false}
[38;5;117m[4cb8036e][0m[38;5;-177m[AndroidUiautomator2Driver@fd7c][0m Got response with status 404: {"sessionId":"122786cf-8f77-49b9-9c4b-47402609145a","value":{"error":"no such element","message":"An element could not be located on the page using the given search parameters","stacktrace":"io.appium.uiautomator2.common.exceptions.ElementNotFoundException: An element could not be located on the page using the given search parameters\n\tat io.appium.uiautomator2.utils.ElementLocationHelpers.findElement(ElementLocationHelpers.java:156)\n\tat io.appium.uiautomator2.handler.FindElement.safeHandle(FindElement.java:60)\n\tat io.appium.uiautomator2.handler.request.SafeRequestHandler.handle(SafeRequestHandler.java:59)\n\tat io.appium.uiautomator2.server.AppiumServlet.handleRequest(AppiumServlet.java:259)\n\tat io.appium.uiautomator2.server.AppiumServlet.handleHttpRequest(AppiumServlet.java:253)\n\tat io.appium.uiautomator2.http.ServerHandler.channelRead(ServerHandler.java:77)\n\tat io.netty.channel.AbstractChannelHandlerContext.invokeChannelRead(AbstractChannelHandlerContext.java:374)\n\tat io.netty.channel.Abstr...
[38;5;117m[4cb8036e][0m[38;5;123m[W3C][0m Matched W3C error code 'no such element' to NoSuchElementError
[38;5;117m[4cb8036e][0m[38;5;-177m[AndroidUiautomator2Driver@fd7c][0m Encountered internal error running command: NoSuchElementError: An element could not be located on the page using the given search parameters.
    at AndroidUiautomator2Driver.findElOrEls (C:\Users\sddam\OneDrive\Documentos\automacao\projeto-apresentacao\automacao-webdriverIO\node_modules\appium-uiautomator2-driver\node_modules\appium-android-driver\lib\commands\find.ts:86:11)
    at processTicksAndRejections (node:internal/process/task_queues:105:5)
    at AndroidUiautomator2Driver.findElOrElsWithProcessing (C:\Users\sddam\OneDrive\Documentos\automacao\projeto-apresentacao\automacao-webdriverIO\node_modules\appium-uiautomator2-driver\node_modules\@appium\base-driver\lib\basedriver\commands\find.ts:60:12)
    at AndroidUiautomator2Driver.findElement (C:\Users\sddam\OneDrive\Documentos\automacao\projeto-apresentacao\automacao-webdriverIO\node_modules\appium-uiautomator2-driver\node_modules\@appium\base-driver\lib\basedriver\commands\find.ts:75:12)
[38;5;117m[4cb8036e][0m[38;5;86m[HTTP][0m [37m<-- POST /session/4cb8036e-b650-48fd-b265-b63caac6b6d3/element [39m[33m404[39m [90m883 ms - 1110[39m [90m[39m
[38;5;117m[4cb8036e][0m[38;5;86m[HTTP][0m [37m-->[39m [37mPOST[39m [37m/session/4cb8036e-b650-48fd-b265-b63caac6b6d3/element[39m [90m{"using":"xpath","value":"//android.widget.Button[@text=\"OK\"]"}[39m
[38;5;117m[4cb8036e][0m[38;5;-177m[AndroidUiautomator2Driver@fd7c][0m Calling AppiumDriver.findElement() with args: ["xpath","//android.widget.Button[@text=\"OK\"]","4cb8036e-b650-48fd-b265-b63caac6b6d3"]
[38;5;117m[4cb8036e][0m[38;5;-177m[AndroidUiautomator2Driver@fd7c][0m Valid locator strategies for this request: xpath, id, class name, accessibility id, css selector, -android uiautomator
[38;5;117m[4cb8036e][0m[38;5;-177m[AndroidUiautomator2Driver@fd7c][0m Waiting up to 0 ms for condition
[38;5;117m[4cb8036e][0m[38;5;-177m[AndroidUiautomator2Driver@fd7c][0m Matched '/element' to command name 'findElement'
[38;5;117m[4cb8036e][0m[38;5;-177m[AndroidUiautomator2Driver@fd7c][0m Proxying [POST /element] to [POST http://127.0.0.1:8201/session/122786cf-8f77-49b9-9c4b-47402609145a/element] with body: {"strategy":"xpath","selector":"//android.widget.Button[@text=\"OK\"]","context":"","multiple":false}
[38;5;117m[4cb8036e][0m[38;5;-177m[AndroidUiautomator2Driver@fd7c][0m Got response with status 404: {"sessionId":"122786cf-8f77-49b9-9c4b-47402609145a","value":{"error":"no such element","message":"An element could not be located on the page using the given search parameters","stacktrace":"io.appium.uiautomator2.common.exceptions.ElementNotFoundException: An element could not be located on the page using the given search parameters\n\tat io.appium.uiautomator2.utils.ElementLocationHelpers.findElement(ElementLocationHelpers.java:156)\n\tat io.appium.uiautomator2.handler.FindElement.safeHandle(FindElement.java:60)\n\tat io.appium.uiautomator2.handler.request.SafeRequestHandler.handle(SafeRequestHandler.java:59)\n\tat io.appium.uiautomator2.server.AppiumServlet.handleRequest(AppiumServlet.java:259)\n\tat io.appium.uiautomator2.server.AppiumServlet.handleHttpRequest(AppiumServlet.java:253)\n\tat io.appium.uiautomator2.http.ServerHandler.channelRead(ServerHandler.java:77)\n\tat io.netty.channel.AbstractChannelHandlerContext.invokeChannelRead(AbstractChannelHandlerContext.java:374)\n\tat io.netty.channel.Abstr...
[38;5;117m[4cb8036e][0m[38;5;123m[W3C][0m Matched W3C error code 'no such element' to NoSuchElementError
[38;5;117m[4cb8036e][0m[38;5;-177m[AndroidUiautomator2Driver@fd7c][0m Encountered internal error running command: NoSuchElementError: An element could not be located on the page using the given search parameters.
    at AndroidUiautomator2Driver.findElOrEls (C:\Users\sddam\OneDrive\Documentos\automacao\projeto-apresentacao\automacao-webdriverIO\node_modules\appium-uiautomator2-driver\node_modules\appium-android-driver\lib\commands\find.ts:86:11)
    at processTicksAndRejections (node:internal/process/task_queues:105:5)
    at AndroidUiautomator2Driver.findElOrElsWithProcessing (C:\Users\sddam\OneDrive\Documentos\automacao\projeto-apresentacao\automacao-webdriverIO\node_modules\appium-uiautomator2-driver\node_modules\@appium\base-driver\lib\basedriver\commands\find.ts:60:12)
    at AndroidUiautomator2Driver.findElement (C:\Users\sddam\OneDrive\Documentos\automacao\projeto-apresentacao\automacao-webdriverIO\node_modules\appium-uiautomator2-driver\node_modules\@appium\base-driver\lib\basedriver\commands\find.ts:75:12)
[38;5;117m[4cb8036e][0m[38;5;86m[HTTP][0m [37m<-- POST /session/4cb8036e-b650-48fd-b265-b63caac6b6d3/element [39m[33m404[39m [90m58 ms - 1110[39m [90m[39m
[38;5;117m[4cb8036e][0m[38;5;86m[HTTP][0m [37m-->[39m [37mPOST[39m [37m/session/4cb8036e-b650-48fd-b265-b63caac6b6d3/element[39m [90m{"using":"xpath","value":"//android.widget.Button[@text=\"OK\"]"}[39m
[38;5;117m[4cb8036e][0m[38;5;-177m[AndroidUiautomator2Driver@fd7c][0m Calling AppiumDriver.findElement() with args: ["xpath","//android.widget.Button[@text=\"OK\"]","4cb8036e-b650-48fd-b265-b63caac6b6d3"]
[38;5;117m[4cb8036e][0m[38;5;-177m[AndroidUiautomator2Driver@fd7c][0m Valid locator strategies for this request: xpath, id, class name, accessibility id, css selector, -android uiautomator
[38;5;117m[4cb8036e][0m[38;5;-177m[AndroidUiautomator2Driver@fd7c][0m Waiting up to 0 ms for condition
[38;5;117m[4cb8036e][0m[38;5;-177m[AndroidUiautomator2Driver@fd7c][0m Matched '/element' to command name 'findElement'
[38;5;117m[4cb8036e][0m[38;5;-177m[AndroidUiautomator2Driver@fd7c][0m Proxying [POST /element] to [POST http://127.0.0.1:8201/session/122786cf-8f77-49b9-9c4b-47402609145a/element] with body: {"strategy":"xpath","selector":"//android.widget.Button[@text=\"OK\"]","context":"","multiple":false}
[38;5;117m[4cb8036e][0m[38;5;86m[HTTP][0m [37m-->[39m [37mDELETE[39m [37m/session/4cb8036e-b650-48fd-b265-b63caac6b6d3[39m [90m{}[39m
[38;5;117m[4cb8036e][0m[38;5;-177m[AndroidUiautomator2Driver@fd7c][0m Calling AppiumDriver.deleteSession() with args: ["4cb8036e-b650-48fd-b265-b63caac6b6d3"]
[38;5;117m[4cb8036e][0m[38;5;53m[AppiumDriver@4412][0m Event 'quitSessionRequested' logged at 1764721974627 (21:32:54 GMT-0300 (Horário Padrão de Brasília))
[38;5;117m[4cb8036e][0m[38;5;53m[AppiumDriver@4412][0m Removing session 4cb8036e-b650-48fd-b265-b63caac6b6d3 from our master session list
[38;5;117m[4cb8036e][0m[38;5;-177m[AndroidUiautomator2Driver@fd7c][0m Deleting UiAutomator2 session
[38;5;117m[4cb8036e][0m[38;5;-177m[AndroidUiautomator2Driver@fd7c][0m Deleting UiAutomator2 server session
[38;5;117m[4cb8036e][0m[38;5;-177m[AndroidUiautomator2Driver@fd7c][0m Proxying [DELETE /] to [DELETE http://127.0.0.1:8201/session/122786cf-8f77-49b9-9c4b-47402609145a] with no body
[38;5;117m[4cb8036e][0m[38;5;-177m[AndroidUiautomator2Driver@fd7c][0m Got response with status 200: {"sessionId":"122786cf-8f77-49b9-9c4b-47402609145a","value":null}
[38;5;117m[4cb8036e][0m[38;5;229m[ADB][0m Getting IDs of all 'io.appium.uiautomator2.server' processes
[38;5;117m[4cb8036e][0m[38;5;229m[ADB][0m Running 'C:\Users\sddam\AppData\Local\Android\Sdk\platform-tools\adb.exe -P 5037 -s emulator-5554 shell 'pgrep --help; echo $?''
[38;5;117m[4cb8036e][0m[38;5;-177m[AndroidUiautomator2Driver@fd7c][0m Got response with status 404: {"sessionId":"122786cf-8f77-49b9-9c4b-47402609145a","value":{"error":"no such element","message":"An element could not be located on the page using the given search parameters","stacktrace":"io.appium.uiautomator2.common.exceptions.ElementNotFoundException: An element could not be located on the page using the given search parameters\n\tat io.appium.uiautomator2.utils.ElementLocationHelpers.findElement(ElementLocationHelpers.java:156)\n\tat io.appium.uiautomator2.handler.FindElement.safeHandle(FindElement.java:60)\n\tat io.appium.uiautomator2.handler.request.SafeRequestHandler.handle(SafeRequestHandler.java:59)\n\tat io.appium.uiautomator2.server.AppiumServlet.handleRequest(AppiumServlet.java:259)\n\tat io.appium.uiautomator2.server.AppiumServlet.handleHttpRequest(AppiumServlet.java:253)\n\tat io.appium.uiautomator2.http.ServerHandler.channelRead(ServerHandler.java:77)\n\tat io.netty.channel.AbstractChannelHandlerContext.invokeChannelRead(AbstractChannelHandlerContext.java:374)\n\tat io.netty.channel.Abstr...
[38;5;117m[4cb8036e][0m[38;5;123m[W3C][0m Matched W3C error code 'no such element' to NoSuchElementError
[38;5;117m[4cb8036e][0m[38;5;53m[AppiumDriver@4412][0m Encountered internal error running command: NoSuchElementError: An element could not be located on the page using the given search parameters.
    at AndroidUiautomator2Driver.findElOrEls (C:\Users\sddam\OneDrive\Documentos\automacao\projeto-apresentacao\automacao-webdriverIO\node_modules\appium-uiautomator2-driver\node_modules\appium-android-driver\lib\commands\find.ts:86:11)
    at processTicksAndRejections (node:internal/process/task_queues:105:5)
    at AndroidUiautomator2Driver.findElOrElsWithProcessing (C:\Users\sddam\OneDrive\Documentos\automacao\projeto-apresentacao\automacao-webdriverIO\node_modules\appium-uiautomator2-driver\node_modules\@appium\base-driver\lib\basedriver\commands\find.ts:60:12)
    at AndroidUiautomator2Driver.findElement (C:\Users\sddam\OneDrive\Documentos\automacao\projeto-apresentacao\automacao-webdriverIO\node_modules\appium-uiautomator2-driver\node_modules\@appium\base-driver\lib\basedriver\commands\find.ts:75:12)
[38;5;117m[4cb8036e][0m[38;5;86m[HTTP][0m [37m<-- POST /session/4cb8036e-b650-48fd-b265-b63caac6b6d3/element [39m[33m404[39m [90m100 ms - 1110[39m [90m[39m
[38;5;117m[4cb8036e][0m[38;5;-177m[AndroidUiautomator2Driver@fd7c][0m [Instrumentation] io.appium.uiautomator2.server.test.AppiumUiAutomator2Server:.
[38;5;117m[4cb8036e][0m[38;5;-177m[AndroidUiautomator2Driver@fd7c][0m [Instrumentation] 
[38;5;117m[4cb8036e][0m[38;5;-177m[AndroidUiautomator2Driver@fd7c][0m [Instrumentation] Time: 17.877
[38;5;117m[4cb8036e][0m[38;5;-177m[AndroidUiautomator2Driver@fd7c][0m [Instrumentation] 
[38;5;117m[4cb8036e][0m[38;5;-177m[AndroidUiautomator2Driver@fd7c][0m [Instrumentation] OK (1 test)
[38;5;117m[4cb8036e][0m[38;5;-177m[AndroidUiautomator2Driver@fd7c][0m [Instrumentation] 
[38;5;117m[4cb8036e][0m[38;5;-177m[AndroidUiautomator2Driver@fd7c][0m [Instrumentation] 
[38;5;117m[4cb8036e][0m[38;5;229m[ADB][0m Running 'C:\Users\sddam\AppData\Local\Android\Sdk\platform-tools\adb.exe -P 5037 -s emulator-5554 shell pgrep -f \(\[\[:blank:\]\]\|\^\)io\.appium\.uiautomator2\.server\(:\[a-zA-Z0-9_-\]\+\)\?\(\[\[:blank:\]\]\|\$\)'
[38;5;117m[4cb8036e][0m[38;5;-177m[AndroidUiautomator2Driver@fd7c][0m [Instrumentation] The process has exited with code 0, signal null
[38;5;117m[4cb8036e][0m[38;5;229m[ADB][0m Running 'C:\Users\sddam\AppData\Local\Android\Sdk\platform-tools\adb.exe -P 5037 -s emulator-5554 shell am force-stop io.appium.uiautomator2.server'
[38;5;117m[4cb8036e][0m[38;5;229m[ADB][0m Running 'C:\Users\sddam\AppData\Local\Android\Sdk\platform-tools\adb.exe -P 5037 -s emulator-5554 shell am force-stop io.appium.uiautomator2.server.test'
[38;5;117m[4cb8036e][0m[38;5;229m[ADB][0m Running 'C:\Users\sddam\AppData\Local\Android\Sdk\platform-tools\adb.exe -P 5037 -s emulator-5554 shell dumpsys activity services io.appium.settings/.recorder.RecorderService'
[38;5;117m[4cb8036e][0m[38;5;229m[ADB][0m Running 'C:\Users\sddam\AppData\Local\Android\Sdk\platform-tools\adb.exe -P 5037 -s emulator-5554 shell am force-stop com.wdiodemoapp'
[38;5;117m[4cb8036e][0m[38;5;229m[ADB][0m Removing forwarded port socket connection: 8201 
[38;5;117m[4cb8036e][0m[38;5;229m[ADB][0m Running 'C:\Users\sddam\AppData\Local\Android\Sdk\platform-tools\adb.exe -P 5037 -s emulator-5554 forward --remove tcp:8201'
[38;5;117m[4cb8036e][0m[38;5;-177m[AndroidUiautomator2Driver@fd7c][0m Restoring hidden api policy to the device default configuration
[38;5;117m[4cb8036e][0m[38;5;229m[ADB][0m Running 'C:\Users\sddam\AppData\Local\Android\Sdk\platform-tools\adb.exe -P 5037 -s emulator-5554 shell 'settings delete global hidden_api_policy_pre_p_apps;settings delete global hidden_api_policy_p_apps;settings delete global hidden_api_policy''
[38;5;117m[4cb8036e][0m[38;5;160m[Logcat][0m Stopping logcat capture
[38;5;117m[4cb8036e][0m[38;5;53m[AppiumDriver@4412][0m Event 'quitSessionFinished' logged at 1764721975120 (21:32:55 GMT-0300 (Horário Padrão de Brasília))
[38;5;117m[4cb8036e][0m[38;5;53m[AppiumDriver@4412][0m Received response: null
[38;5;117m[4cb8036e][0m[38;5;53m[AppiumDriver@4412][0m But deleting session, so not returning
[38;5;117m[4cb8036e][0m[38;5;53m[AppiumDriver@4412][0m Responding to client with driver.deleteSession() result: null
[38;5;117m[4cb8036e][0m[38;5;86m[HTTP][0m [37m<-- DELETE /session/4cb8036e-b650-48fd-b265-b63caac6b6d3 [39m[32m200[39m [90m494 ms - 14[39m [90m[39m
